miRNA,seed seq,seed rev comp seq
hsa-miR-548t-3p_hsa-miR-548aa_hsa-miR-548ap-3p,AAAAACCA,TGGTTTTT
hsa-miR-548e-3p_hsa-miR-548f-3p_hsa-miR-548az-3p_hsa-miR-548bc,AAAAACUG,CAGTTTTT
hsa-miR-1537-3p,AAAACCGU,ACGGTTTT
hsa-miR-553,AAAACGGU,ACCGTTTT
hsa-miR-7844-5p,AAAACUAG,CTAGTTTT
hsa-miR-548av-3p,AAAACUGC,GCAGTTTT
hsa-miR-548g-3p,AAAACUGU,ACAGTTTT
hsa-miR-6835-3p,AAAAGCAC,GTGCTTTT
hsa-miR-4422,AAAAGCAU,ATGCTTTT
hsa-miR-320a-3p_hsa-miR-320b_hsa-miR-320c_hsa-miR-320d_hsa-miR-4429,AAAAGCUG,CAGCTTTT
hsa-miR-548an,AAAAGGCA,TGCCTTTT
hsa-miR-4484,AAAAGGCG,CGCCTTTT
hsa-miR-10526-3p,AAAAGGGG,CCCCTTTT
hsa-miR-548b-5p_hsa-miR-548a-5p_hsa-miR-548c-5p_hsa-miR-548d-5p_hsa-miR-548j-5p_hsa-miR-548h-5p_hsa-miR-548i_hsa-miR-548w_hsa-miR-548y_hsa-miR-548o-5p_hsa-miR-548ab_hsa-miR-548ad-5p_hsa-miR-548ae-5p_hsa-miR-548ak_hsa-miR-548am-5p_hsa-miR-548ap-5p_hsa-miR-548ar-5p_hsa-miR-548as-5p_hsa-miR-548au-5p_hsa-miR-548ay-5p_hsa-miR-548bb-5p,AAAAGUAA,TTACTTTT
hsa-miR-548k_hsa-miR-548av-5p,AAAAGUAC,GTACTTTT
hsa-miR-548l,AAAAGUAU,ATACTTTT
hsa-miR-548ah-5p,AAAAGUGA,TCACTTTT
hsa-miR-106a-5p,AAAAGUGC,GCACTTTT
hsa-miR-548at-5p,AAAAGUUA,TAACTTTT
hsa-miR-3646,AAAAUGAA,TTCATTTT
hsa-miR-224-3p_hsa-miR-522-3p,AAAAUGGU,ACCATTTT
hsa-miR-3606-3p,AAAAUUUC,GAAATTTT
hsa-miR-495-3p,AAACAAAC,GTTTGTTT
hsa-miR-122b-3p,AAACACCA,TGGTGTTT
hsa-miR-543,AAACAUUC,GAATGTTT
hsa-miR-451a,AAACCGUU,AACGGTTT
hsa-miR-649,AAACCUGU,ACAGGTTT
hsa-miR-3129-3p_hsa-miR-5583-5p,AAACUAAU,ATTAGTTT
hsa-miR-606,AAACUACU,AGTAGTTT
hsa-miR-618,AAACUCUA,TAGAGTTT
hsa-miR-641_hsa-miR-3617-5p,AAAGACAU,ATGTCTTT
hsa-miR-3667-5p,AAAGACCC,GGGTCTTT
hsa-miR-548ao-3p,AAAGACCG,CGGTCTTT
hsa-miR-4432,AAAGACUC,GAGTCTTT
hsa-miR-4662a-3p,AAAGAUAG,CTATCTTT
hsa-miR-3156-5p,AAAGAUCU,AGATCTTT
hsa-miR-4662b,AAAGAUGG,CCATCTTT
hsa-miR-10527-5p,AAAGCAAA,TTTGCTTT
hsa-miR-498-3p,AAAGCACC,GGTGCTTT
hsa-miR-518e-3p,AAAGCGCU,AGCGCTTT
hsa-miR-320e,AAAGCUGG,CCAGCTTT
hsa-miR-651-3p,AAAGGAAA,TTTCCTTT
hsa-miR-3173-3p,AAAGGAGG,CCTCCTTT
hsa-miR-541-5p,AAAGGAUU,AATCCTTT
hsa-miR-3910,AAAGGCAU,ATGCCTTT
hsa-miR-570-5p_hsa-miR-548ag_hsa-miR-548ai_hsa-miR-548ba,AAAGGUAA,TTACCTTT
hsa-miR-3974,AAAGGUCA,TGACCTTT
hsa-miR-4735-3p,AAAGGUGC,GCACCTTT
hsa-miR-562,AAAGUAGC,GCTACTTT
hsa-miR-3184-3p,AAAGUCUC,GAGACTTT
hsa-miR-519c-3p_hsa-miR-519b-3p_hsa-miR-519a-3p,AAAGUGCA,TGCACTTT
hsa-miR-372-3p_hsa-miR-520e-3p_hsa-miR-520a-3p_hsa-miR-520b-3p_hsa-miR-520c-3p_hsa-miR-520d-3p,AAAGUGCU,AGCACTTT
hsa-miR-148a-5p,AAAGUUCU,AGAACTTT
hsa-miR-1277-5p,AAAUAUAU,ATATATTT
hsa-miR-4517,AAAUAUGA,TCATATTT
hsa-miR-216b-5p,AAAUCUCU,AGAGATTT
hsa-miR-4506,AAAUGGGU,ACCCATTT
hsa-miR-513b-3p,AAAUGUCA,TGACATTT
hsa-miR-944,AAAUUAUU,AATAATTT
hsa-miR-4760-3p,AAAUUCAU,ATGAATTT
hsa-miR-3529-3p,AACAACAA,TTGTTGTT
hsa-miR-338-5p,AACAAUAU,ATATTGTT
hsa-miR-362-3p_hsa-miR-329-3p,AACACACC,GGTGTGTT
hsa-miR-6757-3p,AACACUGG,CCAGTGTT
hsa-miR-552-3p,AACAGGUG,CACCTGTT
hsa-miR-376c-3p,AACAUAGA,TCTATGTT
hsa-miR-499a-3p_hsa-miR-499b-3p,AACAUCAC,GTGATGTT
hsa-miR-181a-5p_hsa-miR-181b-5p_hsa-miR-181c-5p_hsa-miR-181d-5p,AACAUUCA,TGAATGTT
hsa-miR-1255b-2-3p,AACCACUU,AAGTGGTT
hsa-miR-634,AACCAGCA,TGCTGGTT
hsa-miR-181c-3p,AACCAUCG,CGATGGTT
hsa-miR-4482-5p,AACCCAGU,ACTGGGTT
hsa-miR-5195-5p,AACCCCUA,TAGGGGTT
hsa-miR-99a-5p_hsa-miR-100-5p,AACCCGUA,TACGGGTT
hsa-miR-6813-3p,AACCUUGG,CCAAGGTT
hsa-miR-521,AACGCACU,AGTGCGTT
hsa-miR-122-3p,AACGCCAU,ATGGCGTT
hsa-miR-548al,AACGGCAA,TTGCCGTT
hsa-miR-4681,AACGGGAA,TTCCCGTT
hsa-miR-4661-5p,AACUAGCU,AGCTAGTT
hsa-miR-3923,AACUAGUA,TACTAGTT
hsa-miR-4798-3p,AACUCACG,CGTGAGTT
hsa-miR-3145-5p,AACUCCAA,TTGGAGTT
hsa-miR-4636,AACUCGUG,CACGAGTT
hsa-miR-5684,AACUCUAG,CTAGAGTT
hsa-miR-4714-5p,AACUCUGA,TCAGAGTT
hsa-miR-3664-5p,AACUCUGU,ACAGAGTT
hsa-miR-4724-5p,AACUGAAC,GTTCAGTT
hsa-miR-1243,AACUGGAU,ATCCAGTT
hsa-miR-193a-3p_hsa-miR-193b-3p,AACUGGCC,GGCCAGTT
hsa-miR-452-5p,AACUGUUU,AAACAGTT
hsa-miR-5197-3p,AAGAAGAG,CTCTTCTT
hsa-miR-483-5p,AAGACGGG,CCCGTCTT
hsa-miR-4499,AAGACUGA,TCAGTCTT
hsa-miR-3925-5p,AAGAGAAC,GTTCTCTT
hsa-miR-6856-5p,AAGAGAGG,CCTCTCTT
hsa-miR-3916,AAGAGGAA,TTCCTCTT
hsa-miR-576-3p,AAGAUGUG,CACATCTT
hsa-miR-3942-5p,AAGCAAUA,TATTGCTT
hsa-miR-6838-5p,AAGCAGCA,TGCTGCTT
hsa-miR-646,AAGCAGCU,AGCTGCTT
hsa-miR-1179,AAGCAUUC,GAATGCTT
hsa-miR-6779-3p,AAGCCCUG,CAGGGCTT
hsa-miR-129-1-3p_hsa-miR-129-2-3p,AAGCCCUU,AAGGGCTT
hsa-miR-6819-3p,AAGCCUCU,AGAGGCTT
hsa-miR-596,AAGCCUGC,GCAGGCTT
hsa-miR-4670-5p,AAGCGACC,GGTCGCTT
hsa-miR-6854-5p,AAGCUCAG,CTGAGCTT
hsa-miR-22-3p,AAGCUGCC,GGCAGCTT
hsa-miR-208b-5p,AAGCUUUU,AAAAGCTT
hsa-miR-3914,AAGGAACC,GGTTCCTT
hsa-miR-6888-5p,AAGGAGAU,ATCTCCTT
hsa-miR-28-5p_hsa-miR-708-5p,AAGGAGCU,AGCTCCTT
hsa-miR-940,AAGGCAGG,CCTGCCTT
hsa-miR-4747-3p,AAGGCCCG,CGGGCCTT
hsa-miR-3142,AAGGCCUU,AAGGCCTT
hsa-miR-9500,AAGGGAAG,CTTCCCTT
hsa-miR-7845-5p,AAGGGACA,TGTCCCTT
hsa-miR-4739,AAGGGAGG,CCTCCCTT
hsa-miR-3158-3p,AAGGGCUU,AAGCCCTT
hsa-miR-6743-5p,AAGGGGCA,TGCCCCTT
hsa-miR-6085,AAGGGGCU,AGCCCCTT
hsa-miR-4716-3p,AAGGGGGA,TCCCCCTT
hsa-miR-4678,AAGGUAUU,AATACCTT
hsa-miR-4464,AAGGUUUG,CAAACCTT
hsa-miR-1244,AAGUAGUU,AACTACTT
hsa-miR-5588-3p,AAGUCCCA,TGGGACTT
hsa-miR-6838-3p,AAGUCCUG,CAGGACTT
hsa-miR-1245a,AAGUGAUC,GATCACTT
hsa-miR-371b-3p,AAGUGCCC,GGGCACTT
hsa-miR-371a-3p,AAGUGCCG,CGGCACTT
hsa-miR-519e-3p,AAGUGCCU,AGGCACTT
hsa-miR-512-3p,AAGUGCUG,CAGCACTT
hsa-miR-520f-3p,AAGUGCUU,AAGCACTT
hsa-miR-648,AAGUGUGC,GCACACTT
hsa-miR-148b-5p,AAGUUCUG,CAGAACTT
hsa-miR-4715-5p,AAGUUGGC,GCCAACTT
hsa-miR-5590-3p,AAUAAAGU,ACTTTATT
hsa-miR-369-3p,AAUAAUAC,GTATTATT
hsa-miR-5692c_hsa-miR-5692b,AAUAAUAU,ATATTATT
hsa-miR-7705,AAUAGCUC,GAGCTATT
hsa-miR-1295b-3p,AAUAGGCC,GGCCTATT
hsa-miR-410-3p,AAUAUAAC,GTTATATT
hsa-miR-656-3p,AAUAUUAU,ATAATATT
hsa-miR-34c-3p,AAUCACUA,TAGTGATT
hsa-miR-5094,AAUCAGUG,CACTGATT
hsa-miR-154-3p_hsa-miR-487a-3p,AAUCAUAC,GTATGATT
hsa-miR-96-3p,AAUCAUGU,ACATGATT
hsa-miR-382-3p,AAUCAUUC,GAATGATT
hsa-miR-5092,AAUCCACG,CGTGGATT
hsa-miR-4733-5p,AAUCCCAA,TTGGGATT
hsa-miR-362-5p_hsa-miR-500b-5p,AAUCCUUG,CAAGGATT
hsa-miR-501-5p,AAUCCUUU,AAAGGATT
hsa-miR-5188,AAUCGGAC,GTCCGATT
hsa-miR-487b-3p,AAUCGUAC,GTACGATT
hsa-miR-3200-5p,AAUCUGAG,CTCAGATT
hsa-miR-425-5p,AAUGACAC,GTGTCATT
hsa-miR-4712-3p,AAUGAGAG,CTCTCATT
hsa-miR-501-3p_hsa-miR-502-3p,AAUGCACC,GGTGCATT
hsa-miR-1246,AAUGGAUU,AATCCATT
hsa-miR-652-3p,AAUGGCGC,GCGCCATT
hsa-miR-889-5p,AAUGGCUG,CAGCCATT
hsa-miR-4495,AAUGUAAA,TTTACATT
hsa-miR-3668,AAUGUAGA,TCTACATT
hsa-miR-4491_hsa-miR-4657,AAUGUGGA,TCCACATT
hsa-miR-511-3p,AAUGUGUA,TACACATT
hsa-miR-4781-3p,AAUGUUGG,CCAACATT
hsa-miR-4307,AAUGUUUU,AAAACATT
hsa-miR-10399-5p,AAUUACAG,CTGTAATT
hsa-miR-3938,AAUUCCCU,AGGGAATT
hsa-miR-4778-5p,AAUUCUGU,ACAGAATT
hsa-miR-363-3p_hsa-miR-367-3p,AAUUGCAC,GTGCAATT
hsa-miR-4699-3p,AAUUUACU,AGTAAATT
hsa-miR-5002-5p,AAUUUGGU,ACCAAATT
hsa-miR-3613-3p,ACAAAAAA,TTTTTTGT
hsa-miR-3973,ACAAAGUA,TACTTTGT
hsa-miR-520g-3p_hsa-miR-520h,ACAAAGUG,CACTTTGT
hsa-miR-4709-5p,ACAACAGU,ACTGTTGT
hsa-miR-4761-5p,ACAAGGUG,CACCTTGT
hsa-miR-216b-3p,ACACACUU,AAGTGTGT
hsa-miR-3681-3p,ACACAGUG,CACTGTGT
hsa-miR-4717-3p,ACACAUGG,CCATGTGT
hsa-miR-6865-3p,ACACCCUC,GAGGGTGT
hsa-miR-6760-3p,ACACUGUC,GACAGTGT
hsa-miR-6500-3p,ACACUUGU,ACAAGTGT
hsa-miR-499b-5p,ACAGACUU,AAGTCTGT
hsa-miR-6847-5p,ACAGAGGA,TCCTCTGT
hsa-miR-10b-3p,ACAGAUUC,GAATCTGT
hsa-miR-383-3p,ACAGCACU,AGTGCTGT
hsa-miR-214-3p,ACAGCAGG,CCTGCTGT
hsa-miR-5685,ACAGCCCA,TGGGCTGT
hsa-miR-4433a-3p,ACAGGAGU,ACTCCTGT
hsa-miR-6715b-5p,ACAGGCAC,GTGCCTGT
hsa-miR-4514,ACAGGCAG,CTGCCTGT
hsa-miR-3937,ACAGGCGG,CCGCCTGT
hsa-miR-4441,ACAGGGAG,CTCCCTGT
hsa-miR-3918,ACAGGGCC,GGCCCTGT
hsa-miR-9900,ACAGGUCC,GGACCTGT
hsa-miR-125a-3p,ACAGGUGA,TCACCTGT
hsa-miR-936,ACAGUAGA,TCTACTGT
hsa-miR-199a-3p_hsa-miR-199b-3p,ACAGUAGU,ACTACTGT
hsa-miR-622,ACAGUCUG,CAGACTGT
hsa-miR-1-5p,ACAUACUU,AAGTATGT
hsa-miR-4793-5p,ACAUCCUG,CAGGATGT
hsa-miR-6785-3p,ACAUCGCC,GGCGATGT
hsa-miR-4317,ACAUUGCC,GGCAATGT
hsa-miR-1250-3p,ACAUUUUC,GAAAATGT
hsa-miR-3691-3p,ACCAAGUC,GACTTGGT
hsa-miR-181a-2-3p,ACCACUGA,TCAGTGGT
hsa-miR-6849-3p,ACCAGCCU,AGGCTGGT
hsa-miR-4738-5p,ACCAGCGC,GCGCTGGT
hsa-miR-665,ACCAGGAG,CTCCTGGT
hsa-miR-4645-5p,ACCAGGCA,TGCCTGGT
hsa-miR-6837-5p,ACCAGGGC,GCCCTGGT
hsa-miR-181a-3p,ACCAUCGA,TCGATGGT
hsa-miR-4726-3p,ACCCAGGU,ACCTGGGT
hsa-miR-4286,ACCCCACU,AGTGGGGT
hsa-miR-6840-5p,ACCCCCGG,CCGGGGGT
hsa-miR-6795-3p,ACCCCUCG,CGAGGGGT
hsa-miR-6801-3p,ACCCCUGC,GCAGGGGT
hsa-miR-7108-3p,ACCCGCCC,GGGCGGGT
hsa-miR-1247-5p,ACCCGUCC,GGACGGGT
hsa-miR-454-5p,ACCCUAUC,GATAGGGT
hsa-miR-4655-3p,ACCCUCGU,ACGAGGGT
hsa-miR-4780,ACCCUUGA,TCAAGGGT
hsa-miR-6832-3p,ACCCUUUU,AAAAGGGT
hsa-miR-4671-5p,ACCGAAGA,TCTTCGGT
hsa-miR-4485-5p,ACCGCCUG,CAGGCGGT
hsa-miR-6827-3p,ACCGUCUC,GAGACGGT
hsa-miR-1973,ACCGUGCA,TGCACGGT
hsa-miR-132-5p,ACCGUGGC,GCCACGGT
hsa-miR-660-3p,ACCUCCUG,CAGGAGGT
hsa-miR-10401-3p,ACCUCGCC,GGCGAGGT
hsa-miR-3140-5p,ACCUGAAU,ATTCAGGT
hsa-miR-544b,ACCUGAGG,CCTCAGGT
hsa-miR-4722-3p,ACCUGCCA,TGGCAGGT
hsa-miR-3690,ACCUGGAC,GTCCAGGT
hsa-miR-221-5p_hsa-miR-8073,ACCUGGCA,TGCCAGGT
hsa-miR-6742-3p,ACCUGGGU,ACCCAGGT
hsa-miR-4421,ACCUGUCU,AGACAGGT
hsa-miR-3667-3p,ACCUUCCU,AGGAAGGT
hsa-miR-1248,ACCUUCUU,AAGAAGGT
hsa-miR-6841-3p,ACCUUGCA,TGCAAGGT
hsa-miR-1915-5p,ACCUUGCC,GGCAAGGT
hsa-miR-212-5p,ACCUUGGC,GCCAAGGT
hsa-miR-1249-3p,ACGCCCUU,AAGGGCGT
hsa-miR-5091,ACGGAGAC,GTCTCCGT
hsa-miR-105-3p,ACGGAUGU,ACATCCGT
hsa-miR-6075,ACGGCCCA,TGGGCCGT
hsa-miR-7112-5p,ACGGGCAG,CTGCCCGT
hsa-miR-6777-5p,ACGGGGAG,CTCCCCGT
hsa-miR-137-5p,ACGGGUAU,ATACCCGT
hsa-miR-125b-1-3p,ACGGGUUA,TAACCCGT
hsa-miR-1250-5p,ACGGUGCU,AGCACCGT
hsa-miR-1306-3p,ACGUUGGC,GCCAACGT
hsa-miR-5707,ACGUUUGA,TCAAACGT
hsa-miR-4509,ACUAAAGG,CCTTTAGT
hsa-miR-190b-3p,ACUAAAUG,CATTTAGT
hsa-miR-373-5p_hsa-miR-616-5p_hsa-miR-371b-5p,ACUCAAAA,TTTTGAGT
hsa-miR-371a-5p,ACUCAAAC,GTTTGAGT
hsa-miR-4264,ACUCAGUC,GACTGAGT
hsa-miR-6758-3p,ACUCAUUC,GAATGAGT
hsa-miR-5695,ACUCCAAG,CTTGGAGT
hsa-miR-766-3p,ACUCCAGC,GCTGGAGT
hsa-miR-3925-3p,ACUCCAGU,ACTGGAGT
hsa-miR-136-5p,ACUCCAUU,AATGGAGT
hsa-miR-6814-3p,ACUCGCAU,ATGCGAGT
hsa-miR-1307-3p,ACUCGGCG,CGCCGAGT
hsa-miR-4638-5p,ACUCGGCU,AGCCGAGT
hsa-miR-1251-5p,ACUCUAGC,GCTAGAGT
hsa-miR-130b-5p,ACUCUUUC,GAAAGAGT
hsa-miR-5187-3p,ACUGAAUC,GATTCAGT
hsa-miR-3660,ACUGACAG,CTGTCAGT
hsa-miR-6751-3p,ACUGAGCC,GGCTCAGT
hsa-miR-3920,ACUGAUUA,TAATCAGT
hsa-miR-29a-5p,ACUGAUUU,AAATCAGT
hsa-miR-17-3p,ACUGCAGU,ACTGCAGT
hsa-miR-20a-3p,ACUGCAUU,AATGCAGT
hsa-miR-18a-3p,ACUGCCCU,AGGGCAGT
hsa-miR-93-3p,ACUGCUGA,TCAGCAGT
hsa-miR-6128,ACUGGAAU,ATTCCAGT
hsa-miR-378a-3p_hsa-miR-422a_hsa-miR-378d_hsa-miR-378b_hsa-miR-378c_hsa-miR-378e_hsa-miR-378f_hsa-miR-378h_hsa-miR-378i,ACUGGACU,AGTCCAGT
hsa-miR-378j,ACUGGAUU,AATCCAGT
hsa-miR-6868-5p,ACUGGCAG,CTGCCAGT
hsa-miR-4799-3p_hsa-miR-5588-5p,ACUGGCAU,ATGCCAGT
hsa-miR-3176,ACUGGCCU,AGGCCAGT
hsa-miR-664a-5p,ACUGGCUA,TAGCCAGT
hsa-miR-4646-5p,ACUGGGAA,TTCCCAGT
hsa-miR-6506-5p,ACUGGGAU,ATCCCAGT
hsa-miR-6860,ACUGGGCA,TGCCCAGT
hsa-miR-378g,ACUGGGCU,AGCCCAGT
hsa-miR-4667-5p,ACUGGGGA,TCCCCAGT
hsa-miR-637,ACUGGGGG,CCCCCAGT
hsa-miR-6861-5p,ACUGGGUA,TACCCAGT
hsa-miR-20b-3p,ACUGUAGU,ACTACAGT
hsa-miR-6773-3p,ACUGUCAC,GTGACAGT
hsa-miR-367-5p,ACUGUUGC,GCAACAGT
hsa-miR-302a-5p,ACUUAAAC,GTTTAAGT
hsa-miR-600,ACUUACAG,CTGTAAGT
hsa-miR-412-3p,ACUUCACC,GGTGAAGT
hsa-miR-635_hsa-miR-6774-5p,ACUUGGGC,GCCCAAGT
hsa-miR-643,ACUUGUAU,ATACAAGT
hsa-miR-302b-5p_hsa-miR-302d-5p,ACUUUAAC,GTTAAAGT
hsa-miR-3124-3p,ACUUUCCU,AGGAAAGT
hsa-miR-5681a,AGAAAGGG,CCCTTTCT
hsa-miR-6730-5p,AGAAAGGU,ACCTTTCT
hsa-miR-4680-5p,AGAACUCU,AGAGTTCT
hsa-miR-3185,AGAAGAAG,CTTCTTCT
hsa-miR-10522-5p,AGAAGAAU,ATTCTTCT
hsa-miR-4699-5p,AGAAGAUU,AATCTTCT
hsa-miR-1252-5p,AGAAGGAA,TTCCTTCT
hsa-miR-605-3p,AGAAGGCA,TGCCTTCT
hsa-miR-4493,AGAAGGCC,GGCCTTCT
hsa-miR-7515,AGAAGGGA,TCCCTTCT
hsa-miR-3179,AGAAGGGG,CCCCTTCT
hsa-miR-548ao-5p_hsa-miR-548ax,AGAAGUAA,TTACTTCT
hsa-miR-4795-5p,AGAAGUGG,CCACTTCT
hsa-miR-10393-5p,AGAAUUCU,AGAATTCT
hsa-miR-219b-3p,AGAAUUGC,GCAATTCT
hsa-miR-219a-2-3p,AGAAUUGU,ACAATTCT
hsa-miR-642a-3p_hsa-miR-642b-3p,AGACACAU,ATGTGTCT
hsa-miR-3117-5p,AGACACUA,TAGTGTCT
hsa-miR-4645-3p,AGACAGUA,TACTGTCT
hsa-miR-3913-3p,AGACAUCA,TGATGTCT
hsa-miR-591,AGACCAUG,CATGGTCT
hsa-miR-504-5p_hsa-miR-4725-5p,AGACCCUG,CAGGGTCT
hsa-miR-631,AGACCUGG,CCAGGTCT
hsa-miR-4513_hsa-miR-6855-3p,AGACUGAC,GTCAGTCT
hsa-miR-617,AGACUUCC,GGAAGTCT
hsa-miR-1253,AGAGAAGA,TCTTCTCT
hsa-miR-6088,AGAGAUGA,TCATCTCT
hsa-miR-4708-5p,AGAGAUGC,GCATCTCT
hsa-miR-5186,AGAGAUUG,CAATCTCT
hsa-miR-4468,AGAGCAGA,TCTGCTCT
hsa-miR-3670,AGAGCUCA,TGAGCTCT
hsa-miR-3160-3p,AGAGCUGA,TCAGCTCT
hsa-miR-4487,AGAGCUGG,CCAGCTCT
hsa-miR-27b-5p,AGAGCUUA,TAAGCTCT
hsa-miR-4751,AGAGGACC,GGTCCTCT
hsa-miR-1185-5p,AGAGGAUA,TATCCTCT
hsa-miR-485-5p_hsa-miR-6884-5p,AGAGGCUG,CAGCCTCT
hsa-miR-3188,AGAGGCUU,AAGCCTCT
hsa-let-7d-5p_hsa-miR-4458,AGAGGUAG,CTACCTCT
hsa-miR-202-3p,AGAGGUAU,ATACCTCT
hsa-miR-655-5p,AGAGGUUA,TAACCTCT
hsa-miR-377-5p,AGAGGUUG,CAACCTCT
hsa-miR-4785,AGAGUCGG,CCGACTCT
hsa-miR-924,AGAGUCUU,AAGACTCT
hsa-miR-4424,AGAGUUAA,TTAACTCT
hsa-miR-219a-1-3p,AGAGUUGA,TCAACTCT
hsa-miR-3145-3p,AGAUAUUU,AAATATCT
hsa-miR-383-5p,AGAUCAGA,TCTGATCT
hsa-miR-369-5p,AGAUCGAC,GTCGATCT
hsa-miR-3171,AGAUGUAU,ATACATCT
hsa-miR-219b-5p,AGAUGUCC,GGACATCT
hsa-miR-4445-5p,AGAUUGUU,AACAATCT
hsa-miR-1468-3p,AGCAAAAU,ATTTTGCT
hsa-miR-4708-3p,AGCAAGGC,GCCTTGCT
hsa-miR-8064,AGCACACU,AGTGTGCT
hsa-miR-298,AGCAGAAG,CTTCTGCT
hsa-miR-4771,AGCAGACU,AGTCTGCT
hsa-miR-2467-3p,AGCAGAGG,CCTCTGCT
hsa-miR-103a-3p_hsa-miR-107,AGCAGCAU,ATGCTGCT
hsa-miR-6132,AGCAGGGC,GCCCTGCT
hsa-miR-3665,AGCAGGUG,CACCTGCT
hsa-miR-6499-3p,AGCAGUGU,ACACTGCT
hsa-miR-5689,AGCAUACA,TGTATGCT
hsa-miR-6076,AGCAUGAC,GTCATGCT
hsa-miR-4480,AGCCAAGU,ACTTGGCT
hsa-miR-4755-3p,AGCCAGGC,GCCTGGCT
hsa-miR-4313,AGCCCCCU,AGGGGGCT
hsa-miR-210-5p,AGCCCCUG,CAGGGGCT
hsa-miR-4707-3p,AGCCCGCC,GGCGGGCT
hsa-miR-3648,AGCCGCGG,CCGCGGCT
hsa-miR-6743-3p,AGCCGCUC,GAGCGGCT
hsa-miR-6811-3p,AGCCUGUG,CACAGGCT
hsa-miR-5581-5p,AGCCUUCC,GGAAGGCT
hsa-miR-381-5p,AGCGAGGU,ACCTCGCT
hsa-miR-2277-5p,AGCGCGGG,CCCGCGCT
hsa-miR-4706,AGCGGGGA,TCCCCGCT
hsa-miR-4746-3p,AGCGGUGC,GCACCGCT
hsa-miR-6853-5p,AGCGUGGG,CCCACGCT
hsa-miR-548v,AGCUACAG,CTGTAGCT
hsa-miR-221-3p_hsa-miR-222-3p,AGCUACAU,ATGTAGCT
hsa-miR-549a-5p,AGCUCAUC,GATGAGCT
hsa-miR-7106-3p,AGCUCCCU,AGGGAGCT
hsa-miR-423-3p,AGCUCGGU,ACCGAGCT
hsa-miR-6502-5p,AGCUCUAG,CTAGAGCT
hsa-miR-3194-3p,AGCUCUGC,GCAGAGCT
hsa-miR-4663,AGCUGAGC,GCTCAGCT
hsa-miR-133a-5p,AGCUGGUA,TACCAGCT
hsa-miR-138-5p,AGCUGGUG,CACCAGCT
hsa-miR-1537-5p,AGCUGUAA,TTACAGCT
hsa-miR-4718,AGCUGUAC,GTACAGCT
hsa-miR-626_hsa-miR-6876-3p,AGCUGUCU,AGACAGCT
hsa-miR-2115-5p,AGCUUCCA,TGGAAGCT
hsa-miR-103a-2-5p,AGCUUCUU,AAGAAGCT
hsa-miR-3140-3p,AGCUUUUG,CAAAAGCT
hsa-miR-4261,AGGAAACA,TGTTTCCT
hsa-miR-5093,AGGAAAUG,CATTTCCT
hsa-miR-6828-5p,AGGAAGCA,TGCTTCCT
hsa-miR-671-5p,AGGAAGCC,GGCTTCCT
hsa-miR-613,AGGAAUGU,ACATTCCT
hsa-miR-492,AGGACCUG,CAGGTCCT
hsa-miR-659-5p,AGGACCUU,AAGGTCCT
hsa-miR-4740-5p,AGGACUGA,TCAGTCCT
hsa-miR-4515,AGGACUGG,CCAGTCCT
hsa-miR-4434_hsa-miR-5703,AGGAGAAG,CTTCTCCT
hsa-miR-5192,AGGAGAGU,ACTCTCCT
hsa-miR-6081,AGGAGCAG,CTGCTCCT
hsa-miR-4633-3p_hsa-miR-6500-5p,AGGAGCUA,TAGCTCCT
hsa-miR-766-5p,AGGAGGAA,TTCCTCCT
hsa-miR-7154-3p,AGGAGGAC,GTCCTCCT
hsa-miR-11181-3p,AGGAGGAG,CTCCTCCT
hsa-miR-6894-5p,AGGAGGAU,ATCCTCCT
hsa-miR-650_hsa-miR-3612,AGGAGGCA,TGCCTCCT
hsa-miR-1249-5p_hsa-miR-6797-5p,AGGAGGGA,TCCCTCCT
hsa-miR-6851-5p,AGGAGGUG,CACCTCCT
hsa-miR-5191,AGGAUAGG,CCTATCCT
hsa-miR-1255a,AGGAUGAG,CTCATCCT
hsa-miR-3167,AGGAUUUC,GAAATCCT
hsa-miR-31-5p,AGGCAAGA,TCTTGCCT
hsa-miR-593-5p,AGGCACCA,TGGTGCCT
hsa-miR-564,AGGCACGG,CCGTGCCT
hsa-miR-885-3p,AGGCAGCG,CGCTGCCT
hsa-miR-4763-3p,AGGCAGGG,CCCTGCCT
hsa-miR-4736,AGGCAGGU,ACCTGCCT
hsa-miR-34c-5p_hsa-miR-449b-5p,AGGCAGUG,CACTGCCT
hsa-miR-3622b-5p,AGGCAUGG,CCATGCCT
hsa-miR-1256,AGGCAUUG,CAATGCCT
hsa-miR-4529-5p,AGGCCAUC,GATGGCCT
hsa-miR-6775-3p,AGGCCCUG,CAGGGCCT
hsa-miR-4757-5p,AGGCCUCU,AGAGGCCT
hsa-miR-6735-3p,AGGCCUGU,ACAGGCCT
hsa-miR-6717-5p,AGGCGAUG,CATCGCCT
hsa-miR-6722-5p,AGGCGCAC,GTGCGCCT
hsa-miR-25-5p,AGGCGGAG,CTCCGCCT
hsa-miR-663a,AGGCGGGG,CCCCGCCT
hsa-miR-6822-3p,AGGCUCUA,TAGAGCCT
hsa-miR-604,AGGCUGCG,CGCAGCCT
hsa-miR-4430,AGGCUGGA,TCCAGCCT
hsa-miR-4505,AGGCUGGG,CCCAGCCT
hsa-miR-7974,AGGCUGUG,CACAGCCT
hsa-miR-4668-5p,AGGGAAAA,TTTTCCCT
hsa-miR-4747-5p_hsa-miR-5196-5p,AGGGAAGG,CCTTCCCT
hsa-miR-3649,AGGGACCU,AGGTCCCT
hsa-miR-92b-5p,AGGGACGG,CCGTCCCT
hsa-miR-3199,AGGGACUG,CAGTCCCT
hsa-miR-365a-5p_hsa-miR-365b-5p,AGGGACUU,AAGTCCCT
hsa-miR-6878-5p,AGGGAGAA,TTCTCCCT
hsa-miR-149-3p_hsa-miR-6883-5p,AGGGAGGG,CCCTCCCT
hsa-miR-638,AGGGAUCG,CGATCCCT
hsa-miR-3945,AGGGCAUA,TATGCCCT
hsa-miR-4253,AGGGCAUG,CATGCCCT
hsa-miR-4726-5p,AGGGCCAG,CTGGCCCT
hsa-miR-296-5p,AGGGCCCC,GGGGCCCT
hsa-miR-6877-5p,AGGGCCGA,TCGGCCCT
hsa-miR-5001-5p,AGGGCUGG,CCAGCCCT
hsa-miR-27a-5p,AGGGCUUA,TAAGCCCT
hsa-miR-3144-5p,AGGGGACC,GGTCCCCT
hsa-miR-4652-5p,AGGGGACU,AGTCCCCT
hsa-miR-185-3p,AGGGGCUG,CAGCCCCT
hsa-miR-625-5p,AGGGGGAA,TTCCCCCT
hsa-miR-5010-5p,AGGGGGAU,ATCCCCCT
hsa-miR-4488_hsa-miR-4697-5p,AGGGGGCG,CGCCCCCT
hsa-miR-6885-5p,AGGGGGGC,GCCCCCCT
hsa-miR-6835-5p,AGGGGGUA,TACCCCCT
hsa-miR-342-5p,AGGGGUGC,GCACCCCT
hsa-miR-608,AGGGGUGG,CCACCCCT
hsa-miR-6747-5p,AGGGGUGU,ACACCCCT
hsa-miR-555,AGGGUAAG,CTTACCCT
hsa-miR-6756-5p,AGGGUGGG,CCCACCCT
hsa-miR-4455,AGGGUGUG,CACACCCT
hsa-miR-609,AGGGUGUU,AACACCCT
hsa-miR-4650-3p,AGGUAGAA,TTCTACCT
hsa-miR-3529-5p,AGGUAGAC,GTCTACCT
hsa-miR-5681b,AGGUAUUG,CAATACCT
hsa-miR-6503-5p,AGGUCUGC,GCAGACCT
hsa-miR-3085-5p,AGGUGCCA,TGGCACCT
hsa-miR-3907,AGGUGCUC,GAGCACCT
hsa-miR-3165,AGGUGGAU,ATCCACCT
hsa-miR-6769a-5p,AGGUGGGU,ACCCACCT
hsa-miR-323a-5p,AGGUGGUC,GACCACCT
hsa-miR-3650,AGGUGUGU,ACACACCT
hsa-miR-4694-5p,AGGUGUUA,TAACACCT
hsa-miR-409-5p,AGGUUACC,GGTAACCT
hsa-miR-152-5p,AGGUUCUG,CAGAACCT
hsa-miR-563,AGGUUGAC,GTCAACCT
hsa-miR-656-5p,AGGUUGCC,GGCAACCT
hsa-miR-92a-1-5p,AGGUUGGG,CCCAACCT
hsa-miR-410-5p_hsa-miR-494-5p_hsa-miR-323b-5p,AGGUUGUC,GACAACCT
hsa-miR-6832-5p,AGUAGAGA,TCTCTACT
hsa-miR-567,AGUAUGUU,AACATACT
hsa-miR-630,AGUAUUCU,AGAATACT
hsa-miR-616-3p,AGUCAUUG,CAATGACT
hsa-miR-1257,AGUGAAUG,CATTCACT
hsa-miR-550a-5p_hsa-miR-550a-3-5p_hsa-miR-1271-3p,AGUGCCUG,CAGGCACT
hsa-miR-4800-5p,AGUGGACC,GGTCCACT
hsa-miR-3691-5p,AGUGGAUG,CATCCACT
hsa-miR-3688-5p,AGUGGCAA,TTGCCACT
hsa-miR-891a-3p,AGUGGCAC,GTGCCACT
hsa-miR-1233-5p_hsa-miR-6778-5p,AGUGGGAG,CTCCCACT
hsa-miR-491-5p,AGUGGGGA,TCCCCACT
hsa-miR-6742-5p,AGUGGGGU,ACCCCACT
hsa-miR-203a-5p,AGUGGUUC,GAACCACT
hsa-miR-644a,AGUGUGGC,GCCACACT
hsa-miR-569,AGUUAAUG,CATTAACT
hsa-miR-1258,AGUUAGGA,TCCTAACT
hsa-miR-22-5p,AGUUCUUC,GAAGAACT
hsa-miR-6501-5p,AGUUGCCA,TGGCAACT
hsa-miR-4423-5p,AGUUGCCU,AGGCAACT
hsa-miR-6740-5p,AGUUUGGG,CCCAAACT
hsa-miR-19a-5p_hsa-miR-19b-1-5p_hsa-miR-19b-2-5p,AGUUUUGC,GCAAAACT
hsa-miR-9-3p,AUAAAGCU,AGCTTTAT
hsa-miR-3143,AUAACAUU,AATGTTAT
hsa-miR-208a-3p_hsa-miR-208b-3p,AUAAGACG,CGTCTTAT
hsa-miR-655-3p_hsa-miR-374c-5p,AUAAUACA,TGTATTAT
hsa-miR-466,AUACACAU,ATGTGTAT
hsa-miR-4666a-5p,AUACAUGU,ACATGTAT
hsa-miR-5591-3p,AUACCCAU,ATGGGTAT
hsa-miR-4777-3p,AUACCUCA,TGAGGTAT
hsa-miR-4693-5p,AUACUGUG,CACAGTAT
hsa-miR-4766-3p,AUAGCAAU,ATTGCTAT
hsa-miR-4524a-5p_hsa-miR-4524b-5p,AUAGCAGC,GCTGCTAT
hsa-miR-3117-3p,AUAGGACU,AGTCCTAT
hsa-miR-4423-3p,AUAGGCAC,GTGCCTAT
hsa-miR-4727-3p,AUAGUGGG,CCCACTAT
hsa-miR-4460,AUAGUGGU,ACCACTAT
hsa-miR-374b-5p,AUAUAAUA,TATTATAT
hsa-miR-1185-2-3p_hsa-miR-1185-1-3p,AUAUACAG,CTGTATAT
hsa-miR-3144-3p,AUAUACCU,AGGTATAT
hsa-miR-4633-5p,AUAUGCCU,AGGCATAT
hsa-miR-3115,AUAUGGGU,ACCCATAT
hsa-miR-3924,AUAUGUAU,ATACATAT
hsa-miR-556-3p,AUAUUACC,GGTAATAT
hsa-miR-4795-3p,AUAUUAUU,AATAATAT
hsa-miR-3671,AUCAAAUA,TATTTGAT
hsa-miR-421,AUCAACAG,CTGTTGAT
hsa-miR-561-5p,AUCAAGGA,TCCTTGAT
hsa-miR-377-3p,AUCACACA,TGTGTGAT
hsa-miR-23a-3p_hsa-miR-23b-3p_hsa-miR-23c,AUCACAUU,AATGTGAT
hsa-miR-3127-5p,AUCAGGGC,GCCCTGAT
hsa-miR-539-3p,AUCAUACA,TGTATGAT
hsa-miR-376a-3p_hsa-miR-376b-3p,AUCAUAGA,TCTATGAT
hsa-miR-5007-3p,AUCAUAUG,CATATGAT
hsa-miR-433-3p,AUCAUGAU,ATCATGAT
hsa-miR-6516-3p,AUCAUGUA,TACATGAT
hsa-miR-5195-3p,AUCCAGUU,AACTGGAT
hsa-miR-1260a_hsa-miR-1260b,AUCCCACC,GGTGGGAT
hsa-miR-2355-5p,AUCCCCAG,CTGGGGAT
hsa-miR-623,AUCCCUUG,CAAGGGAT
hsa-miR-937-3p,AUCCGCGC,GCGCGGAT
hsa-miR-7975,AUCCUAGU,ACTAGGAT
hsa-miR-7111-3p,AUCCUCUC,GAGAGGAT
hsa-miR-6881-3p,AUCCUCUU,AAGAGGAT
hsa-miR-502-5p,AUCCUUGC,GCAAGGAT
hsa-miR-639,AUCGCUGC,GCAGCGAT
hsa-miR-4790-5p,AUCGCUUU,AAAGCGAT
hsa-miR-425-3p,AUCGGGAA,TTCCCGAT
hsa-miR-3181,AUCGGGCC,GGCCCGAT
hsa-miR-517a-3p_hsa-miR-517b-3p_hsa-miR-517c-3p,AUCGUGCA,TGCACGAT
hsa-miR-4799-5p,AUCUAAAU,ATTTAGAT
hsa-miR-4256,AUCUGACC,GGTCAGAT
hsa-miR-4727-5p,AUCUGCCA,TGGCAGAT
hsa-miR-6828-3p,AUCUGCUC,GAGCAGAT
hsa-miR-516b-5p,AUCUGGAG,CTCCAGAT
hsa-miR-3686,AUCUGUAA,TTACAGAT
hsa-miR-6888-3p,AUCUGUCU,AGACAGAT
hsa-miR-7843-3p,AUGAAGCC,GGCTTCAT
hsa-miR-3616-5p,AUGAAGUG,CACTTCAT
hsa-miR-215-5p,AUGACCUA,TAGGTCAT
hsa-miR-3672,AUGAGACU,AGTCTCAT
hsa-miR-5708,AUGAGCGA,TCGCTCAT
hsa-miR-640,AUGAUCCA,TGGATCAT
hsa-miR-500a-3p,AUGCACCU,AGGTGCAT
hsa-miR-6811-5p,AUGCAGGC,GCCTGCAT
hsa-miR-6836-3p,AUGCCUCC,GGAGGCAT
hsa-miR-4737,AUGCGAGG,CCTCGCAT
hsa-miR-4754,AUGCGGAC,GTCCGCAT
hsa-miR-5089-3p,AUGCUACU,AGTAGCAT
hsa-miR-628-5p,AUGCUGAC,GTCAGCAT
hsa-miR-4531,AUGGAGAA,TTCTCCAT
hsa-miR-620,AUGGAGAU,ATCTCCAT
hsa-miR-6874-5p,AUGGAGCU,AGCTCCAT
hsa-miR-1261,AUGGAUAA,TTATCCAT
hsa-miR-4642,AUGGCAUC,GATGCCAT
hsa-miR-548s,AUGGCCAA,TTGGCCAT
hsa-miR-4435,AUGGCCAG,CTGGCCAT
hsa-miR-6810-5p,AUGGGGAC,GTCCCCAT
hsa-miR-6812-5p,AUGGGGUG,CACCCCAT
hsa-miR-1262_hsa-miR-4701-3p,AUGGGUGA,TCACCCAT
hsa-miR-1263,AUGGUACC,GGTACCAT
hsa-miR-5587-5p,AUGGUCAC,GTGACCAT
hsa-miR-6843-3p,AUGGUCUC,GAGACCAT
hsa-miR-218-1-3p,AUGGUUCC,GGAACCAT
hsa-miR-135a-2-3p_hsa-miR-135b-3p,AUGUAGGG,CCCTACAT
hsa-miR-568,AUGUAUAA,TTATACAT
hsa-miR-297,AUGUAUGU,ACATACAT
hsa-miR-10395-3p,AUGUAUUC,GAATACAT
hsa-miR-3912-5p,AUGUCCAU,ATGGACAT
hsa-miR-4433b-5p,AUGUCCCA,TGGGACAT
hsa-miR-8070,AUGUGAUU,AATCACAT
hsa-miR-550b-2-5p,AUGUGCCU,AGGCACAT
hsa-miR-4296,AUGUGGGC,GCCCACAT
hsa-miR-4477b,AUUAAGGA,TCCTTAAT
hsa-miR-6509-5p,AUUAGGUA,TACCTAAT
hsa-miR-384,AUUCCUAG,CTAGGAAT
hsa-miR-4263,AUUCUAAG,CTTAGAAT
hsa-miR-576-5p,AUUCUAAU,ATTAGAAT
hsa-miR-4768-5p,AUUCUCUC,GAGAGAAT
hsa-miR-544a,AUUCUGCA,TGCAGAAT
hsa-miR-6875-3p,AUUCUUCC,GGAAGAAT
hsa-miR-510-3p,AUUGAAAC,GTTTCAAT
hsa-miR-514a-3p_hsa-miR-514b-3p,AUUGACAC,GTGTCAAT
hsa-miR-4774-3p,AUUGCCUA,TAGGCAAT
hsa-miR-3152-5p,AUUGCCUC,GAGGCAAT
hsa-miR-4529-3p,AUUGGACU,AGTCCAAT
hsa-miR-450a-1-3p,AUUGGGAA,TTCCCAAT
hsa-miR-450a-2-3p,AUUGGGGA,TCCCCAAT
hsa-miR-3674,AUUGUAGA,TCTACAAT
hsa-miR-4646-3p,AUUGUCCC,GGGACAAT
hsa-miR-2355-3p,AUUGUCCU,AGGACAAT
hsa-miR-6739-3p,AUUGUUCU,AGAACAAT
hsa-miR-4446-5p,AUUUCCCU,AGGGAAAT
hsa-miR-2113,AUUUGUGC,GCACAAAT
hsa-miR-548d-3p_hsa-miR-548h-3p_hsa-miR-548z_hsa-miR-548ac_hsa-miR-548bb-3p,CAAAAACC,GGTTTTTG
hsa-miR-548j-3p_hsa-miR-548ae-3p_hsa-miR-548ah-3p_hsa-miR-548am-3p_hsa-miR-548aq-3p,CAAAAACU,AGTTTTTG
hsa-miR-548c-3p,CAAAAAUC,GATTTTTG
hsa-miR-548at-3p_hsa-miR-548ay-3p,CAAAACCG,CGGTTTTG
hsa-miR-424-3p,CAAAACGU,ACGTTTTG
hsa-miR-548a-3p,CAAAACUG,CAGTTTTG
hsa-miR-548e-5p,CAAAAGCA,TGCTTTTG
hsa-miR-548n,CAAAAGUA,TACTTTTG
hsa-miR-548t-5p_hsa-miR-548az-5p,CAAAAGUG,CACTTTTG
hsa-miR-497-3p,CAAACCAC,GTGGTTTG
hsa-miR-6771-3p,CAAACCCC,GGGGTTTG
hsa-miR-186-5p,CAAAGAAU,ATTCTTTG
hsa-miR-548u,CAAAGACU,AGTCTTTG
hsa-miR-583,CAAAGAGG,CCTCTTTG
hsa-miR-518b_hsa-miR-518c-3p_hsa-miR-518d-3p,CAAAGCGC,GCGCTTTG
hsa-miR-6768-3p,CAAAGGCC,GGCCTTTG
hsa-miR-548m,CAAAGGUA,TACCTTTG
hsa-miR-6507-3p,CAAAGUCC,GGACTTTG
hsa-miR-3609,CAAAGUGA,TCACTTTG
hsa-miR-17-5p_hsa-miR-93-5p_hsa-miR-20b-5p_hsa-miR-519d-3p,CAAAGUGC,GCACTTTG
hsa-miR-561-3p,CAAAGUUU,AAACTTTG
hsa-miR-5692a,CAAAUAAU,ATTATTTG
hsa-miR-1252-3p,CAAAUGAG,CTCATTTG
hsa-miR-4694-3p,CAAAUGGA,TCCATTTG
hsa-miR-10a-3p,CAAAUUCG,CGAATTTG
hsa-miR-7-1-3p_hsa-miR-7-2-3p,CAACAAAU,ATTTGTTG
hsa-miR-196a-1-3p,CAACAACA,TGTTGTTG
hsa-miR-21-3p,CAACACCA,TGGTGTTG
hsa-miR-6776-3p,CAACCACC,GGTGGTTG
hsa-miR-652-5p,CAACCCUA,TAGGGTTG
hsa-miR-3150a-5p_hsa-miR-3150b-5p,CAACCUCG,CGAGGTTG
hsa-miR-490-3p,CAACCUGG,CCAGGTTG
hsa-miR-191-5p,CAACGGAA,TTCCGTTG
hsa-miR-708-3p,CAACUAGA,TCTAGTTG
hsa-miR-548b-3p,CAAGAACC,GGTTCTTG
hsa-miR-7109-3p,CAAGCCUC,GAGGCTTG
hsa-miR-99a-3p_hsa-miR-99b-3p,CAAGCUCG,CGAGCTTG
hsa-miR-100-3p,CAAGCUUG,CAAGCTTG
hsa-miR-4428,CAAGGAGA,TCTCCTTG
hsa-miR-12118,CAAGGAGG,CCTCCTTG
hsa-miR-4753-5p,CAAGGCCA,TGGCCTTG
hsa-miR-4475,CAAGGGAC,GTCCCTTG
hsa-miR-1264,CAAGUCUU,AAGACTTG
hsa-miR-34b-3p,CAAUCACU,AGTGATTG
hsa-miR-34a-3p,CAAUCAGC,GCTGATTG
hsa-miR-5197-5p,CAAUGGCA,TGCCATTG
hsa-miR-8066,CAAUGUGA,TCACATTG
hsa-miR-33a-3p,CAAUGUUU,AAACATTG
hsa-miR-5571-5p,CAAUUCUC,GAGAATTG
hsa-miR-32-3p,CAAUUUAG,CTAAATTG
hsa-miR-624-3p,CACAAGGU,ACCTTGTG
hsa-miR-4731-3p,CACACAAG,CTTGTGTG
hsa-miR-8485,CACACACA,TGTGTGTG
hsa-miR-603,CACACACU,AGTGTGTG
hsa-miR-6768-5p,CACACAGG,CCTGTGTG
hsa-miR-4789-3p,CACACAUA,TATGTGTG
hsa-miR-3120-3p,CACAGCAA,TTGCTGTG
hsa-miR-4700-3p,CACAGGAC,GTCCTGTG
hsa-miR-4438,CACAGGCU,AGCCTGTG
hsa-miR-5580-3p,CACAUAUG,CATATGTG
hsa-miR-942-3p,CACAUGGC,GCCATGTG
hsa-miR-323a-3p,CACAUUAC,GTAATGTG
hsa-miR-1911-3p,CACCAGGC,GCCTGGTG
hsa-miR-6753-5p,CACCAGGG,CCCTGGTG
hsa-miR-7153-3p,CACCAUGG,CCATGGTG
hsa-miR-1295b-5p,CACCCAGA,TCTGGGTG
hsa-miR-4640-3p,CACCCCCU,AGGGGGTG
hsa-miR-941,CACCCGGC,GCCGGGTG
hsa-miR-99b-5p,CACCCGUA,TACGGGTG
hsa-miR-6510-3p,CACCGACU,AGTCGGTG
hsa-miR-4655-5p,CACCGGGG,CCCCGGTG
hsa-miR-6800-3p,CACCUCUC,GAGAGGTG
hsa-miR-3200-3p,CACCUUGC,GCAAGGTG
hsa-miR-6782-3p,CACCUUUG,CAAAGGTG
hsa-miR-574-3p,CACGCUCA,TGAGCGTG
hsa-miR-4445-3p,CACGGCAA,TTGCCGTG
hsa-miR-28-3p,CACUAGAU,ATCTAGTG
hsa-miR-512-5p,CACUCAGC,GCTGAGTG
hsa-miR-4418,CACUGCAG,CTGCAGTG
hsa-miR-6807-3p,CACUGCAU,ATGCAGTG
hsa-miR-892b,CACUGGCU,AGCCAGTG
hsa-miR-1183,CACUGUAG,CTACAGTG
hsa-miR-4318,CACUGUGG,CCACAGTG
hsa-miR-892a,CACUGUGU,ACACAGTG
hsa-miR-4676-3p_hsa-miR-892c-3p,CACUGUUU,AAACAGTG
hsa-miR-374c-3p,CACUUAGC,GCTAAGTG
hsa-miR-4773,CAGAACAG,CTGTTCTG
hsa-miR-3154,CAGAAGGG,CCCTTCTG
hsa-miR-3123,CAGAGAAU,ATTCTCTG
hsa-miR-6873-5p,CAGAGGGA,TCCCTCTG
hsa-miR-5586-3p,CAGAGUGA,TCACTCTG
hsa-miR-5694,CAGAUCAU,ATGATCTG
hsa-miR-6871-3p,CAGCACCC,GGGTGCTG
hsa-miR-424-5p_hsa-miR-497-5p,CAGCAGCA,TGCTGCTG
hsa-miR-6165,CAGCAGGA,TCCTGCTG
hsa-miR-6510-5p,CAGCAGGG,CCCTGCTG
hsa-miR-4274,CAGCAGUC,GACTGCTG
hsa-miR-4519,CAGCAGUG,CACTGCTG
hsa-miR-449b-3p,CAGCCACA,TGTGGCTG
hsa-miR-6858-3p,CAGCCAGC,GCTGGCTG
hsa-miR-4323,CAGCCCCA,TGGGGCTG
hsa-miR-3940-3p,CAGCCCGG,CCGGGCTG
hsa-miR-4687-5p,CAGCCCUC,GAGGGCTG
hsa-miR-6746-3p,CAGCCGCC,GGCGGCTG
hsa-miR-6877-3p,CAGCCUCU,AGAGGCTG
hsa-miR-4293,CAGCCUGA,TCAGGCTG
hsa-miR-7846-3p,CAGCGGAG,CTCCGCTG
hsa-miR-4476_hsa-miR-6876-5p,CAGGAAGG,CCTTCCTG
hsa-miR-8083,CAGGACUU,AAGTCCTG
hsa-miR-4695-5p,CAGGAGGC,GCCTCCTG
hsa-miR-4433b-3p,CAGGAGUG,CACTCCTG
hsa-miR-4661-3p,CAGGAUCC,GGATCCTG
hsa-miR-10524-5p,CAGGAUGC,GCATCCTG
hsa-miR-1265,CAGGAUGU,ACATCCTG
hsa-miR-3622a-5p,CAGGCACG,CGTGCCTG
hsa-miR-6511a-5p,CAGGCAGA,TCTGCCTG
hsa-miR-6808-5p_hsa-miR-6893-5p,CAGGCAGG,CCTGCCTG
hsa-miR-2682-5p,CAGGCAGU,ACTGCCTG
hsa-miR-15a-3p,CAGGCCAU,ATGGCCTG
hsa-miR-3186-5p,CAGGCGUC,GACGCCTG
hsa-miR-5584-5p,CAGGGAAA,TTTCCCTG
hsa-miR-6750-5p_hsa-miR-6822-5p,CAGGGAAC,GTTCCCTG
hsa-miR-6760-5p,CAGGGAGA,TCTCCCTG
hsa-miR-1321_hsa-miR-4756-5p,CAGGGAGG,CCTCCCTG
hsa-miR-4436b-3p_hsa-miR-6735-5p_hsa-miR-6879-5p,CAGGGCAG,CTGCCCTG
hsa-miR-6895-5p,CAGGGCCA,TGGCCCTG
hsa-miR-7160-3p,CAGGGCCC,GGGCCCTG
hsa-miR-4512,CAGGGCCU,AGGCCCTG
hsa-miR-5088-5p,CAGGGCUC,GAGCCCTG
hsa-miR-4446-3p,CAGGGCUG,CAGCCCTG
hsa-miR-6813-5p,CAGGGGCU,AGCCCCTG
hsa-miR-6794-5p,CAGGGGGA,TCCCCCTG
hsa-miR-1178-5p,CAGGGUCA,TGACCCTG
hsa-miR-3927-3p,CAGGUAGA,TCTACCTG
hsa-miR-370-5p,CAGGUCAC,GTGACCTG
hsa-miR-431-3p,CAGGUCGU,ACGACCTG
hsa-miR-12114,CAGGUGGA,TCCACCTG
hsa-miR-802,CAGUAACA,TGTTACTG
hsa-miR-8079,CAGUGAUC,GATCACTG
hsa-miR-8062,CAGUGAUU,AATCACTG
hsa-miR-130a-3p_hsa-miR-301a-3p_hsa-miR-130b-3p_hsa-miR-301b-3p_hsa-miR-4295_hsa-miR-3666,CAGUGCAA,TTGCACTG
hsa-miR-33b-3p,CAGUGCCU,AGGCACTG
hsa-miR-3677-5p,CAGUGGCC,GGCCACTG
hsa-miR-140-5p,CAGUGGUU,AACCACTG
hsa-miR-4255,CAGUGUUC,GAACACTG
hsa-miR-101-5p,CAGUUAUC,GATAACTG
hsa-miR-5000-5p,CAGUUCAG,CTGAACTG
hsa-miR-6874-3p,CAGUUCUG,CAGAACTG
hsa-miR-4259,CAGUUGGG,CCCAACTG
hsa-miR-142-5p,CAUAAAGU,ACTTTATG
hsa-miR-4666a-3p,CAUACAAU,ATTGTATG
hsa-miR-10397-3p,CAUAGAUC,GATCTATG
hsa-miR-3651,CAUAGCCC,GGGCTATG
hsa-miR-2115-3p,CAUCAGAA,TTCTGATG
hsa-miR-3617-3p,CAUCAGCA,TGCTGATG
hsa-miR-217-3p,CAUCAGUU,AACTGATG
hsa-miR-136-3p,CAUCAUCG,CGATGATG
hsa-miR-188-5p,CAUCCCUU,AAGGGATG
hsa-miR-4800-3p,CAUCCGUC,GACGGATG
hsa-miR-3675-3p,CAUCUCUA,TAGAGATG
hsa-miR-3126-3p,CAUCUGGC,GCCAGATG
hsa-miR-1298-3p,CAUCUGGG,CCCAGATG
hsa-miR-200b-5p_hsa-miR-200a-5p,CAUCUUAC,GTAAGATG
hsa-miR-141-5p,CAUCUUCC,GGAAGATG
hsa-miR-4757-3p,CAUGACGU,ACGTCATG
hsa-miR-532-5p,CAUGCCUU,AAGGCATG
hsa-miR-3146,CAUGCUAG,CTAGCATG
hsa-miR-4728-3p,CAUGCUGA,TCAGCATG
hsa-miR-6871-5p,CAUGGGAG,CTCCCATG
hsa-miR-6890-5p,CAUGGGGU,ACCCCATG
hsa-miR-218-2-3p,CAUGGUUC,GAACCATG
hsa-miR-6504-3p,CAUUACAG,CTGTAATG
hsa-miR-126-5p,CAUUAUUA,TAATAATG
hsa-miR-4272,CAUUCAAC,GTTGAATG
hsa-miR-25-3p,CAUUGCAC,GTGCAATG
hsa-miR-548o-3p,CCAAAACU,AGTTTTGG
hsa-miR-6715a-3p,CCAAACCA,TGGTTTGG
hsa-miR-4762-5p,CCAAAUCU,AGATTTGG
hsa-miR-4714-3p,CCAACCUA,TAGGTTGG
hsa-miR-6830-5p,CCAAGGAA,TTCCTTGG
hsa-miR-16-2-3p_hsa-miR-195-3p,CCAAUAUU,AATATTGG
hsa-miR-4275,CCAAUUAC,GTAATTGG
hsa-miR-4733-3p,CCACCAGG,CCTGGTGG
hsa-miR-181d-3p,CCACCGGG,CCCGGTGG
hsa-miR-1306-5p,CCACCUCC,GGAGGTGG
hsa-miR-6767-3p,CCACGUGC,GCACGTGG
hsa-miR-6890-3p,CCACUGCC,GGCAGTGG
hsa-miR-3614-5p,CCACUUGG,CCAAGTGG
hsa-miR-1324,CCAGACAG,CTGTCTGG
hsa-miR-4494,CCAGACUG,CAGTCTGG
hsa-miR-4756-3p,CCAGAGAU,ATCTCTGG
hsa-miR-6501-3p,CCAGAGCA,TGCTCTGG
hsa-miR-4257,CCAGAGGU,ACCTCTGG
hsa-miR-4691-3p,CCAGCCAC,GTGGCTGG
hsa-miR-4768-3p,CCAGGAGA,TCTCCTGG
hsa-miR-3155a_hsa-miR-3155b,CCAGGCUC,GAGCCTGG
hsa-miR-6754-5p,CCAGGGAG,CTCCCTGG
hsa-miR-6798-5p,CCAGGGGG,CCCCCTGG
hsa-miR-16-1-3p,CCAGUAUU,AATACTGG
hsa-miR-1910-5p,CCAGUCCU,AGGACTGG
hsa-miR-5190,CCAGUGAC,GTCACTGG
hsa-miR-194-3p,CCAGUGGG,CCCACTGG
hsa-miR-4302,CCAGUGUG,CACACTGG
hsa-miR-935,CCAGUUAC,GTAACTGG
hsa-miR-4328,CCAGUUUU,AAAACTGG
hsa-miR-8060,CCAUGAAG,CTTCATGG
hsa-miR-490-5p,CCAUGGAU,ATCCATGG
hsa-miR-10226,CCAUGUGU,ACACATGG
hsa-miR-323b-3p,CCCAAUAC,GTATTGGG
hsa-miR-324-3p,CCCACUGC,GCAGTGGG
hsa-miR-9902,CCCAGAAA,TTTCTGGG
hsa-miR-488-5p,CCCAGAUA,TATCTGGG
hsa-miR-4530,CCCAGCAG,CTGCTGGG
hsa-miR-4685-5p,CCCAGGGC,GCCCTGGG
hsa-miR-199a-5p_hsa-miR-199b-5p,CCCAGUGU,ACACTGGG
hsa-miR-6884-3p,CCCAUCAC,GTGATGGG
hsa-miR-6872-3p,CCCAUGCC,GGCATGGG
hsa-miR-1224-3p,CCCCACCU,AGGTGGGG
hsa-miR-1915-3p,CCCCAGGG,CCCTGGGG
hsa-miR-4258,CCCCGCCA,TGGCGGGG
hsa-miR-1247-3p,CCCCGGGA,TCCCGGGG
hsa-miR-4783-3p,CCCCGGUG,CACCGGGG
hsa-miR-4292_hsa-miR-6791-5p,CCCCUGGG,CCCAGGGG
hsa-miR-6886-5p,CCCGCAGG,CCTGCGGG
hsa-miR-1203,CCCGGAGC,GCTCCGGG
hsa-miR-6850-3p,CCCGGCCG,CGGCCGGG
hsa-miR-6891-3p,CCCUCAUC,GATGAGGG
hsa-miR-4723-3p_hsa-miR-6769b-3p,CCCUCUCU,AGAGAGGG
hsa-miR-4324,CCCUGAGA,TCTCAGGG
hsa-miR-6893-3p,CCCUGCUG,CAGCAGGG
hsa-miR-939-3p,CCCUGGGC,GCCCAGGG
hsa-miR-6852-5p,CCCUGGGG,CCCCAGGG
hsa-miR-1914-5p,CCCUGUGC,GCACAGGG
hsa-miR-1266-3p,CCCUGUUC,GAACAGGG
hsa-miR-6734-3p,CCCUUCCC,GGGAAGGG
hsa-miR-3189-3p,CCCUUGGG,CCCAAGGG
hsa-miR-106b-3p,CCGCACUG,CAGTGCGG
hsa-miR-6078,CCGCCUGA,TCAGGCGG
hsa-miR-6880-3p,CCGCCUUC,GAAGGCGG
hsa-miR-6812-3p,CCGCUCUU,AAGAGCGG
hsa-miR-4315,CCGCUUUC,GAAAGCGG
hsa-miR-4304,CCGGCAUG,CATGCCGG
hsa-miR-10392-3p,CCGGCCCC,GGGGCCGG
hsa-miR-1908-3p,CCGGCCGC,GCGGCCGG
hsa-miR-6746-5p,CCGGGAGA,TCTCCCGG
hsa-miR-5090,CCGGGGCA,TGCCCCGG
hsa-miR-4746-5p,CCGGUCCC,GGGACCGG
hsa-miR-6070,CCGGUUCC,GGAACCGG
hsa-miR-1181,CCGUCGCC,GGCGACGG
hsa-miR-4735-5p,CCUAAUUU,AAATTAGG
hsa-miR-8067,CCUAGAAA,TTTCTAGG
hsa-miR-4305,CCUAGACA,TGTCTAGG
hsa-miR-325,CCUAGUAG,CTACTAGG
hsa-miR-26a-1-3p_hsa-miR-26a-2-3p,CCUAUUCU,AGAATAGG
hsa-miR-372-5p,CCUCAAAU,ATTTGAGG
hsa-miR-6511a-3p_hsa-miR-6511b-3p,CCUCACCA,TGGTGAGG
hsa-miR-6862-3p,CCUCACCC,GGGTGAGG
hsa-miR-4330,CCUCAGAU,ATCTGAGG
hsa-miR-1266-5p,CCUCAGGG,CCCTGAGG
hsa-miR-519d-5p,CCUCCAAA,TTTGGAGG
hsa-miR-532-3p,CCUCCCAC,GTGGGAGG
hsa-miR-2116-3p,CCUCCCAU,ATGGGAGG
hsa-miR-7113-3p,CCUCCCUG,CAGGGAGG
hsa-miR-3605-3p,CCUCCGUG,CACGGAGG
hsa-miR-1976,CCUCCUGC,GCAGGAGG
hsa-miR-8088,CCUCGGUA,TACCGAGG
hsa-miR-520f-5p,CCUCUAAA,TTTAGAGG
hsa-miR-520b-5p_hsa-miR-519a-2-5p,CCUCUACA,TGTAGAGG
hsa-miR-517-5p,CCUCUAGA,TCTAGAGG
hsa-miR-3059-3p,CCUCUAGG,CCTAGAGG
hsa-miR-6845-3p,CCUCUCCU,AGGAGAGG
hsa-miR-146a-3p,CCUCUGAA,TTCAGAGG
hsa-miR-326,CCUCUGGG,CCCAGAGG
hsa-miR-1236-3p,CCUCUUCC,GGAAGAGG
hsa-miR-6730-3p,CCUGACAC,GTGTCAGG
hsa-miR-4750-3p,CCUGACCC,GGGTCAGG
hsa-miR-4251,CCUGAGAA,TTCTCAGG
hsa-miR-4329,CCUGAGAC,GTCTCAGG
hsa-miR-1199-5p,CCUGAGCC,GGCTCAGG
hsa-miR-3151-3p,CCUGAUCC,GGATCAGG
hsa-miR-4772-3p,CCUGCAAC,GTTGCAGG
hsa-miR-3158-5p,CCUGCAGA,TCTGCAGG
hsa-miR-1184,CCUGCAGC,GCTGCAGG
hsa-miR-6068,CCUGCGAG,CTCGCAGG
hsa-miR-4520-5p,CCUGCGUG,CACGCAGG
hsa-miR-3692-5p,CCUGCUGG,CCAGCAGG
hsa-miR-875-3p,CCUGGAAA,TTTCCAGG
hsa-miR-4638-3p,CCUGGACA,TGTCCAGG
hsa-miR-4720-5p,CCUGGCAU,ATGCCAGG
hsa-miR-3187-5p,CCUGGGCA,TGCCCAGG
hsa-miR-8089,CCUGGGGA,TCCCCAGG
hsa-miR-4456,CCUGGUGG,CCACCAGG
hsa-miR-3120-5p,CCUGUCUG,CAGACAGG
hsa-miR-6529-3p,CCUGUGCC,GGCACAGG
hsa-miR-5008-3p,CCUGUGCU,AGCACAGG
hsa-miR-134-3p,CCUGUGGG,CCCACAGG
hsa-miR-26b-3p,CCUGUUCU,AGAACAGG
hsa-miR-1267,CCUGUUGA,TCAACAGG
hsa-miR-6837-3p,CCUUCACU,AGTGAAGG
hsa-miR-570-3p,CGAAAACA,TGTTTTCG
hsa-miR-15b-3p,CGAAUCAU,ATGATTCG
hsa-miR-6790-3p,CGACCUCG,CGAGGTCG
hsa-miR-2114-3p,CGAGCCUC,GAGGCTCG
hsa-miR-3616-3p,CGAGGGCA,TGCCCTCG
hsa-miR-6738-5p,CGAGGGGU,ACCCCTCG
hsa-miR-6804-3p,CGCACCUG,CAGGTGCG
hsa-miR-3166,CGCAGACA,TGTCTGCG
hsa-miR-6836-5p,CGCAGGGC,GCCCTGCG
hsa-miR-1909-3p,CGCAGGGG,CCCCTGCG
hsa-miR-324-5p,CGCAUCCC,GGGATGCG
hsa-miR-4749-3p,CGCCCCUC,GAGGGGCG
hsa-miR-6869-3p,CGCCGCGC,GCGCGGCG
hsa-miR-2682-3p,CGCCUCUU,AAGAGGCG
hsa-miR-4763-5p,CGCCUGCC,GGCAGGCG
hsa-miR-3195,CGCGCCGG,CCGGCGCG
hsa-miR-6720-3p,CGCGCCUG,CAGGCGCG
hsa-miR-4479,CGCGCGGC,GCCGCGCG
hsa-miR-4767,CGCGGGCG,CGCCCGCG
hsa-miR-3621,CGCGGGUC,GACCCGCG
hsa-miR-1301-5p,CGCUCUAG,CTAGAGCG
hsa-miR-9851-5p,CGCUGGCA,TGCCAGCG
hsa-miR-1251-3p,CGCUUUGC,GCAAAGCG
hsa-miR-1255b-5p,CGGAUGAG,CTCATCCG
hsa-miR-196a-3p,CGGCAACA,TGTTGCCG
hsa-miR-874-5p,CGGCCCCA,TGGGGCCG
hsa-miR-1538,CGGCCCGG,CCGGGCCG
hsa-miR-6789-3p,CGGCGCCC,GGGCGCCG
hsa-miR-4634,CGGCGCGA,TCGCGCCG
hsa-miR-10400-5p,CGGCGGCG,CGCCGCCG
hsa-miR-1908-5p_hsa-miR-10396b-5p,CGGCGGGG,CCCCGCCG
hsa-miR-760,CGGCUCUG,CAGAGCCG
hsa-miR-3652,CGGCUGGA,TCCAGCCG
hsa-miR-8052,CGGGACUG,CAGTCCCG
hsa-miR-6726-5p,CGGGAGCU,AGCTCCCG
hsa-miR-6862-5p,CGGGCAUG,CATGCCCG
hsa-miR-6781-5p,CGGGCCGG,CCGGCCCG
hsa-miR-9899,CGGGCGCC,GGCGCCCG
hsa-miR-1268a_hsa-miR-1268b,CGGGCGUG,CACGCCCG
hsa-miR-4741,CGGGCUGU,ACAGCCCG
hsa-miR-3175,CGGGGAGA,TCTCCCCG
hsa-miR-486-3p,CGGGGCAG,CTGCCCCG
hsa-miR-6762-5p_hsa-miR-6845-5p,CGGGGCCA,TGGCCCCG
hsa-miR-128-1-5p,CGGGGCCG,CGGCCCCG
hsa-miR-3196,CGGGGCGG,CCGCCCCG
hsa-miR-1237-5p,CGGGGGCG,CGCCCCCG
hsa-miR-7704,CGGGGUCG,CGACCCCG
hsa-miR-4651,CGGGGUGG,CCACCCCG
hsa-miR-193b-5p,CGGGGUUU,AAACCCCG
hsa-miR-197-5p,CGGGUAGA,TCTACCCG
hsa-miR-363-5p,CGGGUGGA,TCCACCCG
hsa-miR-6766-5p,CGGGUGGG,CCCACCCG
hsa-miR-12130,CGGGUUGU,ACAACCCG
hsa-miR-9901,CGGUCGCC,GGCGACCG
hsa-miR-8071,CGGUGGAC,GTCCACCG
hsa-miR-505-3p,CGUCAACA,TGTTGACG
hsa-miR-4433a-5p,CGUCCCAC,GTGGGACG
hsa-miR-4449,CGUCCCGG,CCGGGACG
hsa-miR-200c-5p,CGUCUUAC,GTAAGACG
hsa-miR-1227-3p,CGUGCCAC,GTGGCACG
hsa-miR-7847-3p,CGUGGAGG,CCTCCACG
hsa-miR-376b-5p,CGUGGAUA,TATCCACG
hsa-miR-8056,CGUGGAUU,AATCCACG
hsa-miR-223-5p,CGUGUAUU,AATACACG
hsa-miR-4711-3p,CGUGUCUU,AAGACACG
hsa-miR-10401-5p,CGUGUGGG,CCCACACG
hsa-miR-124-5p,CGUGUUCA,TGAACACG
hsa-miR-633,CUAAUAGU,ACTATTAG
hsa-miR-524-5p_hsa-miR-520d-5p,CUACAAAG,CTTTGTAG
hsa-miR-7151-3p,CUACAGGC,GCCTGTAG
hsa-miR-6798-3p,CUACCCCC,GGGGGTAG
hsa-miR-7848-3p,CUACCCUC,GAGGGTAG
hsa-miR-3682-5p,CUACUUCU,AGAAGTAG
hsa-miR-151a-3p,CUAGACUG,CAGTCTAG
hsa-miR-585-5p,CUAGCACA,TGTGCTAG
hsa-miR-4266,CUAGGAGG,CCTCCTAG
hsa-miR-4278,CUAGGGGG,CCCCCTAG
hsa-miR-331-5p,CUAGGUAU,ATACCTAG
hsa-miR-6802-5p,CUAGGUGG,CCACCTAG
hsa-miR-921,CUAGUGAG,CTCACTAG
hsa-miR-4473,CUAGUGCU,AGCACTAG
hsa-let-7a-3p_hsa-let-7b-3p_hsa-let-7f-1-3p_hsa-miR-98-3p,CUAUACAA,TTGTATAG
hsa-let-7f-2-3p,CUAUACAG,CTGTATAG
hsa-let-7d-3p,CUAUACGA,TCGTATAG
hsa-let-7e-3p,CUAUACGG,CCGTATAG
hsa-miR-190a-3p,CUAUAUAU,ATATATAG
hsa-miR-8074,CUAUGGCG,CGCCATAG
hsa-miR-4477a,CUAUUAAG,CTTAATAG
hsa-miR-6715b-3p,CUCAAACC,GGTTTGAG
hsa-miR-520e-5p,CUCAAGAU,ATCTTGAG
hsa-miR-4465,CUCAAGUA,TACTTGAG
hsa-miR-6794-3p,CUCACUCU,AGAGTGAG
hsa-miR-181b-3p_hsa-miR-181b-2-3p,CUCACUGA,TCAGTGAG
hsa-miR-222-5p,CUCAGUAG,CTACTGAG
hsa-miR-4276,CUCAGUGA,TCACTGAG
hsa-miR-452-3p,CUCAUCUG,CAGATGAG
hsa-miR-1912-5p,CUCAUUGC,GCAATGAG
hsa-miR-5696,CUCAUUUA,TAAATGAG
hsa-miR-520a-5p_hsa-miR-525-5p,CUCCAGAG,CTCTGGAG
hsa-miR-188-3p,CUCCCACA,TGTGGGAG
hsa-miR-3156-3p,CUCCCACU,AGTGGGAG
hsa-miR-6763-3p,CUCCCCGG,CCGGGGAG
hsa-miR-6826-3p,CUCCCCUC,GAGGGGAG
hsa-miR-4497,CUCCGGGA,TCCCGGAG
hsa-miR-1468-5p,CUCCGUUU,AAACGGAG
hsa-miR-155-3p,CUCCUACA,TGTAGGAG
hsa-miR-337-3p,CUCCUAUA,TATAGGAG
hsa-miR-6792-3p,CUCCUCCA,TGGAGGAG
hsa-miR-6749-3p,CUCCUCCC,GGGAGGAG
hsa-miR-6780a-3p,CUCCUCUG,CAGAGGAG
hsa-miR-378a-5p,CUCCUGAC,GTCAGGAG
hsa-miR-1200,CUCCUGAG,CTCAGGAG
hsa-miR-1343-3p,CUCCUGGG,CCCAGGAG
hsa-miR-4444,CUCGAGUU,AACTCGAG
hsa-miR-6726-3p,CUCGCCCU,AGGGCGAG
hsa-miR-4665-3p,CUCGGCCG,CGGCCGAG
hsa-miR-1469,CUCGGCGC,GCGCCGAG
hsa-miR-6771-5p,CUCGGGAG,CTCCCGAG
hsa-miR-4750-5p,CUCGGGCG,CGCCCGAG
hsa-miR-6727-5p,CUCGGGGC,GCCCCGAG
hsa-miR-3677-3p,CUCGUGGG,CCCACGAG
hsa-miR-519c-5p_hsa-miR-519b-5p_hsa-miR-523-5p_hsa-miR-518f-5p_hsa-miR-526a-5p_hsa-miR-520c-5p_hsa-miR-518e-5p_hsa-miR-518d-5p_hsa-miR-522-5p_hsa-miR-519a-5p,CUCUAGAG,CTCTAGAG
hsa-miR-1287-3p,CUCUAGCC,GGCTAGAG
hsa-miR-1229-3p,CUCUCACC,GGTGAGAG
hsa-miR-6867-3p,CUCUCCCU,AGGGAGAG
hsa-miR-4279,CUCUCCUC,GAGGAGAG
hsa-miR-10399-3p,CUCUCGGA,TCCGAGAG
hsa-miR-4684-5p,CUCUCUAC,GTAGAGAG
hsa-miR-3191-5p,CUCUCUGG,CCAGAGAG
hsa-miR-3192-3p,CUCUGAUC,GATCAGAG
hsa-miR-4314,CUCUGGGA,TCCCAGAG
hsa-miR-526b-5p,CUCUUGAG,CTCAAGAG
hsa-miR-7158-3p,CUGAACUA,TAGTTCAG
hsa-miR-127-5p,CUGAAGCU,AGCTTCAG
hsa-miR-573,CUGAAGUG,CACTTCAG
hsa-miR-5585-3p,CUGAAUAG,CTATTCAG
hsa-miR-192-5p,CUGACCUA,TAGGTCAG
hsa-miR-3136-5p,CUGACUGA,TCAGTCAG
hsa-miR-943,CUGACUGU,ACAGTCAG
hsa-miR-3161,CUGAUAAG,CTTATCAG
hsa-miR-518a-5p_hsa-miR-527,CUGCAAAG,CTTTGCAG
hsa-miR-106a-3p,CUGCAAUG,CATTGCAG
hsa-miR-1273h-3p,CUGCAGAC,GTCTGCAG
hsa-miR-3678-3p,CUGCAGAG,CTCTGCAG
hsa-miR-7156-3p,CUGCAGCC,GGCTGCAG
hsa-miR-6511b-5p,CUGCAGGC,GCCTGCAG
hsa-miR-192-3p,CUGCCAAU,ATTGGCAG
hsa-miR-12121,CUGCCACG,CGTGGCAG
hsa-miR-3972,CUGCCAGC,GCTGGCAG
hsa-miR-4659a-5p,CUGCCAUG,CATGGCAG
hsa-miR-3157-3p,CUGCCCUA,TAGGGCAG
hsa-miR-874-3p,CUGCCCUG,CAGGGCAG
hsa-miR-6514-3p,CUGCCUGU,ACAGGCAG
hsa-let-7i-3p,CUGCGCAA,TTGCGCAG
hsa-miR-1269a_hsa-miR-1269b,CUGGACUG,CAGTCCAG
hsa-miR-8058,CUGGACUU,AAGTCCAG
hsa-miR-1270,CUGGAGAU,ATCTCCAG
hsa-miR-4309,CUGGAGUC,GACTCCAG
hsa-miR-432-3p,CUGGAUGG,CCATCCAG
hsa-miR-7150,CUGGCAGG,CCTGCCAG
hsa-miR-328-3p,CUGGCCCU,AGGGCCAG
hsa-miR-6878-3p,CUGGCCUC,GAGGCCAG
hsa-miR-4730,CUGGCGGA,TCCGCCAG
hsa-miR-6770-3p,CUGGCGGC,GCCGCCAG
hsa-miR-4298,CUGGGACA,TGTCCCAG
hsa-miR-30c-2-3p_hsa-miR-30c-1-3p_hsa-miR-6788-5p,CUGGGAGA,TCTCCCAG
hsa-miR-30b-3p_hsa-miR-3689a-3p_hsa-miR-3689b-3p_hsa-miR-3689c_hsa-miR-6779-5p_hsa-miR-1273h-5p,CUGGGAGG,CCTCCCAG
hsa-miR-769-3p,CUGGGAUC,GATCCCAG
hsa-miR-6724-5p,CUGGGCCC,GGGCCCAG
hsa-miR-4674_hsa-miR-10400-3p,CUGGGCUC,GAGCCCAG
hsa-miR-3150a-3p_hsa-miR-6763-5p,CUGGGGAG,CTCCCCAG
hsa-miR-4665-5p,CUGGGGGA,TCCCCCAG
hsa-miR-7109-5p,CUGGGGGG,CCCCCCAG
hsa-miR-6803-5p,CUGGGGGU,ACCCCCAG
hsa-miR-3170,CUGGGGUU,AACCCCAG
hsa-miR-6736-5p,CUGGGUGA,TCACCCAG
hsa-miR-4507,CUGGGUUG,CAACCCAG
hsa-miR-150-3p,CUGGUACA,TGTACCAG
hsa-miR-29b-2-5p,CUGGUUUC,GAAACCAG
hsa-miR-2054,CUGUAAUA,TATTACAG
hsa-let-7c-3p,CUGUACAA,TTGTACAG
hsa-let-7a-2-3p_hsa-let-7g-3p,CUGUACAG,CTGTACAG
hsa-miR-675-3p,CUGUAUGC,GCATACAG
hsa-miR-676-3p,CUGUCCUA,TAGGACAG
hsa-miR-210-3p,CUGUGCGU,ACGCACAG
hsa-miR-4322_hsa-miR-4265,CUGUGGGC,GCCCACAG
hsa-miR-744-3p,CUGUUGCC,GGCAACAG
hsa-miR-7702,CUUAGACU,AGTCTAAG
hsa-miR-8061,CUUAGAUU,AATCTAAG
hsa-miR-374b-3p,CUUAGCAG,CTGCTAAG
hsa-miR-6083,CUUAUAUC,GATATAAG
hsa-miR-374a-3p,CUUAUCAG,CTGATAAG
hsa-miR-491-3p,CUUAUGCA,TGCATAAG
hsa-miR-3180-5p,CUUCCAGA,TCTGGAAG
hsa-miR-3679-3p,CUUCCCCC,GGGGGAAG
hsa-miR-718,CUUCCGCC,GGCGGAAG
hsa-miR-4664-3p,CUUCCGGU,ACCGGAAG
hsa-miR-1238-3p,CUUCCUCG,CGAGGAAG
hsa-miR-6809-3p,CUUCUCUU,AAGAGAAG
hsa-miR-4762-3p,CUUCUGAU,ATCAGAAG
hsa-miR-6738-3p,CUUCUGCC,GGCAGAAG
hsa-miR-578,CUUCUUGU,ACAAGAAG
hsa-miR-8081,CUUGAGUC,GACTCAAG
hsa-miR-4776-3p,CUUGCCAU,ATGGCAAG
hsa-miR-5004-3p,CUUGGAUU,AATCCAAG
hsa-miR-1271-5p_hsa-miR-12133,CUUGGCAC,GTGCCAAG
hsa-miR-887-5p,CUUGGGAG,CTCCCAAG
hsa-miR-4260,CUUGGGGC,GCCCCAAG
hsa-miR-659-3p,CUUGGUUC,GAACCAAG
hsa-miR-30a-3p_hsa-miR-30d-3p_hsa-miR-30e-3p,CUUUCAGU,ACTGAAAG
hsa-miR-8055,CUUUGAGC,GCTCAAAG
hsa-miR-6885-3p,CUUUGCUU,AAGCAAAG
hsa-miR-129-5p,CUUUUUGC,GCAAAAAG
hsa-miR-12136,GAAAAAGU,ACTTTTTC
hsa-miR-548ad-3p,GAAAACGA,TCGTTTTC
hsa-miR-4668-3p,GAAAAUCC,GGATTTTC
hsa-miR-3662,GAAAAUGA,TCATTTTC
hsa-miR-4311,GAAAGAGA,TCTCTTTC
hsa-miR-518f-3p_hsa-miR-526a-3p_hsa-miR-518a-3p,GAAAGCGC,GCGCTTTC
hsa-miR-548aq-5p,GAAAGUAA,TTACTTTC
hsa-miR-8054,GAAAGUAC,GTACTTTC
hsa-miR-526b-3p,GAAAGUGC,GCACTTTC
hsa-miR-551b-5p,GAAAUCAA,TTGATTTC
hsa-miR-614,GAACGCCU,AGGCGTTC
hsa-miR-523-3p,GAACGCGC,GCGCGTTC
hsa-miR-337-5p,GAACGGCU,AGCCGTTC
hsa-miR-6750-3p,GAACUCAC,GTGAGTTC
hsa-miR-4511,GAAGAACU,AGTTCTTC
hsa-miR-6507-5p,GAAGAAUA,TATTCTTC
hsa-miR-8087,GAAGACUU,AAGTCTTC
hsa-miR-4426_hsa-miR-4647,GAAGAUGG,CCATCTTC
hsa-miR-6796-3p,GAAGCUCU,AGAGCTTC
hsa-miR-8080,GAAGGACA,TGTCCTTC
hsa-miR-6816-3p,GAAGGACC,GGTCCTTC
hsa-miR-3714,GAAGGCAG,CTGCCTTC
hsa-miR-525-3p_hsa-miR-524-3p,GAAGGCGC,GCGCCTTC
hsa-miR-373-3p,GAAGUGCU,AGCACTTC
hsa-miR-12117,GAAGUGGA,TCCACTTC
hsa-miR-595,GAAGUGUG,CACACTTC
hsa-miR-495-5p,GAAGUUGC,GCAACTTC
hsa-miR-382-5p,GAAGUUGU,ACAACTTC
hsa-miR-6082,GAAUACGU,ACGTATTC
hsa-miR-8084,GAAUACUA,TAGTATTC
hsa-miR-5583-3p,GAAUAUGG,CCATATTC
hsa-miR-3610,GAAUCGGA,TCCGATTC
hsa-miR-409-3p,GAAUGUUG,CAACATTC
hsa-miR-10523-5p,GACAAUGA,TCATTGTC
hsa-miR-7849-3p,GACAAUUG,CAATTGTC
hsa-miR-4643,GACACAUG,CATGTGTC
hsa-miR-602,GACACGGG,CCCGTGTC
hsa-miR-4704-5p,GACACUAG,CTAGTGTC
hsa-miR-4797-5p,GACAGAGU,ACTCTGTC
hsa-miR-4262,GACAUUCA,TGAATGTC
hsa-miR-4523,GACCGAGA,TCTCGGTC
hsa-miR-619-3p,GACCUGGA,TCCAGGTC
hsa-miR-625-3p,GACUAUAG,CTATAGTC
hsa-miR-3680-5p,GACUCACU,AGTGAGTC
hsa-miR-888-3p,GACUGACA,TGTCAGTC
hsa-miR-3654,GACUGGAC,GTCCAGTC
hsa-miR-12126,GACUUGGG,CCCAAGTC
hsa-miR-5680,GAGAAAUG,CATTTCTC
hsa-miR-4524b-3p,GAGACAGG,CCTGTCTC
hsa-miR-4463,GAGACUGG,CCAGTCTC
hsa-miR-6529-5p,GAGAGAUC,GATCTCTC
hsa-miR-2278,GAGAGCAG,CTGCTCTC
hsa-miR-6859-5p,GAGAGGAA,TTCCTCTC
hsa-miR-3908,GAGCAAUG,CATTGCTC
hsa-miR-4690-5p,GAGCAGGC,GCCTGCTC
hsa-miR-575_hsa-miR-4676-5p,GAGCCAGU,ACTGGCTC
hsa-miR-6769a-3p,GAGCCCCU,AGGGGCTC
hsa-miR-590-5p,GAGCUUAU,ATAAGCTC
hsa-miR-4453_hsa-miR-4538,GAGCUUGG,CCAAGCTC
hsa-miR-208a-5p,GAGCUUUU,AAAAGCTC
hsa-miR-4496,GAGGAAAC,GTTTCCTC
hsa-miR-12124,GAGGAAAU,ATTTCCTC
hsa-miR-1910-3p,GAGGCAGA,TCTGCCTC
hsa-miR-3929_hsa-miR-4478,GAGGCUGA,TCAGCCTC
hsa-miR-4632-5p_hsa-miR-7843-5p,GAGGGCAG,CTGCCCTC
hsa-miR-4761-3p,GAGGGCAU,ATGCCCTC
hsa-miR-3141,GAGGGCGG,CCGCCCTC
hsa-miR-1182,GAGGGUCU,AGACCCTC
hsa-miR-296-3p,GAGGGUUG,CAACCCTC
hsa-miR-4748,GAGGUUUG,CAAACCTC
hsa-miR-329-5p,GAGGUUUU,AAAACCTC
hsa-miR-515-3p,GAGUGCCU,AGGCACTC
hsa-miR-6849-5p,GAGUGGAU,ATCCACTC
hsa-miR-1296-3p,GAGUGGGG,CCCCACTC
hsa-miR-4280,GAGUGUAG,CTACACTC
hsa-miR-3168,GAGUUCUA,TAGAACTC
hsa-miR-3074-3p,GAUAUCAG,CTGATATC
hsa-miR-6074,GAUAUUCA,TGAATATC
hsa-miR-7151-5p,GAUCCAUC,GATGGATC
hsa-miR-6866-3p,GAUCCCUU,AAGGGATC
hsa-miR-1285-5p,GAUCUCAC,GTGAGATC
hsa-miR-556-5p,GAUGAGCU,AGCTCATC
hsa-miR-1272,GAUGAUGA,TCATCATC
hsa-miR-1322,GAUGAUGC,GCATCATC
hsa-miR-4787-3p,GAUGCGCC,GGCGCATC
hsa-miR-758-5p,GAUGGUUG,CAACCATC
hsa-miR-12129,GAUGUACU,AGTACATC
hsa-miR-205-3p,GAUUUCAG,CTGAAATC
hsa-miR-330-3p,GCAAAGCA,TGCTTTGC
hsa-miR-500b-3p,GCACCCAG,CTGGGTGC
hsa-miR-3919,GCAGAGAA,TTCTCTGC
hsa-miR-759,GCAGAGUG,CACTCTGC
hsa-miR-1288-5p,GCAGAUCA,TGATCTGC
hsa-miR-922,GCAGCAGA,TCTGCTGC
hsa-miR-761,GCAGCAGG,CCTGCTGC
hsa-miR-4310,GCAGCAUU,AATGCTGC
hsa-miR-4690-3p,GCAGCCCA,TGGGCTGC
hsa-miR-873-5p,GCAGGAAC,GTTCCTGC
hsa-miR-4436a,GCAGGACA,TGTCCTGC
hsa-miR-4269,GCAGGCAC,GTGCCTGC
hsa-miR-211-3p,GCAGGGAC,GTCCCTGC
hsa-miR-764,GCAGGUGC,GCACCTGC
hsa-miR-3129-5p,GCAGUAGU,ACTACTGC
hsa-miR-455-3p,GCAGUCCA,TGGACTGC
hsa-miR-5693,GCAGUGGC,GCCACTGC
hsa-miR-4277,GCAGUUCU,AGAACTGC
hsa-miR-4289,GCAUUGUG,CACAATGC
hsa-miR-186-3p,GCCCAAAG,CTTTGGGC
hsa-miR-6840-3p,GCCCAGGA,TCCTGGGC
hsa-miR-4707-5p,GCCCCGGC,GCCGGGGC
hsa-miR-5587-3p,GCCCCGGG,CCCGGGGC
hsa-miR-331-3p,GCCCCUGG,CCAGGGGC
hsa-miR-4740-3p,GCCCGAGA,TCTCGGGC
hsa-miR-1471,GCCCGCGU,ACGCGGGC
hsa-miR-10398-3p,GCCCGGAG,CTCCGGGC
hsa-miR-1470,GCCCUCCG,CGGAGGGC
hsa-miR-2276-5p,GCCCUCUG,CAGAGGGC
hsa-miR-345-3p,GCCCUGAA,TTCAGGGC
hsa-miR-4732-3p,GCCCUGAC,GTCAGGGC
hsa-miR-146b-3p,GCCCUGUG,CACAGGGC
hsa-miR-4442,GCCGGACA,TGTCCGGC
hsa-miR-6784-5p,GCCGGGGC,GCCCCGGC
hsa-miR-3927-5p,GCCUAUCA,TGATAGGC
hsa-miR-3183,GCCUCUCU,AGAGAGGC
hsa-miR-370-3p,GCCUGCUG,CAGCAGGC
hsa-miR-4254,GCCUGGAG,CTCCAGGC
hsa-miR-320a-5p,GCCUUCUC,GAGAAGGC
hsa-miR-551a_hsa-miR-551b-3p,GCGACCCA,TGGGTCGC
hsa-miR-375-5p,GCGACGAG,CTCGTCGC
hsa-miR-4431,GCGACUCU,AGAGTCGC
hsa-miR-611,GCGAGGAC,GTCCTCGC
hsa-miR-6825-3p,GCGCUGAC,GTCAGCGC
hsa-miR-10392-5p,GCGCUUCG,CGAAGCGC
hsa-miR-6125,GCGGAAGG,CCTTCCGC
hsa-miR-5739,GCGGAGAG,CTCTCCGC
hsa-miR-4285,GCGGCGAG,CTCGCCGC
hsa-miR-4508,GCGGGGCU,AGCCCCGC
hsa-miR-4787-5p,GCGGGGGU,ACCCCCGC
hsa-miR-598-5p,GCGGUGAU,ATCACCGC
hsa-miR-6786-5p,GCGGUGGG,CCCACCGC
hsa-miR-4521,GCUAAGGA,TCCTTAGC
hsa-miR-138-1-3p,GCUACUUC,GAAGTAGC
hsa-miR-554,GCUAGUCC,GGACTAGC
hsa-miR-138-2-3p,GCUAUUUC,GAAATAGC
hsa-miR-4518,GCUCAGGG,CCCTGAGC
hsa-miR-6870-3p,GCUCAUCC,GGATGAGC
hsa-miR-4469,GCUCCCUC,GAGGGAGC
hsa-miR-3917,GCUCGGAC,GTCCGAGC
hsa-miR-301a-5p_hsa-miR-301b-5p,GCUCUGAC,GTCAGAGC
hsa-miR-130a-5p,GCUCUUUU,AAAAGAGC
hsa-miR-4539,GCUGAACU,AGTTCAGC
hsa-miR-4526,GCUGACAG,CTGTCAGC
hsa-miR-345-5p,GCUGACUC,GAGTCAGC
hsa-miR-4502,GCUGAUGA,TCATCAGC
hsa-miR-3130-3p,GCUGCACC,GGTGCAGC
hsa-miR-191-3p,GCUGCGCU,AGCGCAGC
hsa-miR-4734,GCUGCGGG,CCCGCAGC
hsa-miR-204-3p,GCUGGGAA,TTCCCAGC
hsa-miR-619-5p,GCUGGGAU,ATCCCAGC
hsa-miR-612,GCUGGGCA,TGCCCAGC
hsa-miR-4486,GCUGGGCG,CGCCCAGC
hsa-miR-3663-5p,GCUGGUCU,AGACCAGC
hsa-miR-4299,GCUGGUGA,TCACCAGC
hsa-miR-548q,GCUGGUGC,GCACCAGC
hsa-miR-29b-1-5p,GCUGGUUU,AAACCAGC
hsa-miR-3182,GCUUCUGU,ACAGAAGC
hsa-miR-3655,GCUUGUCG,CGACAAGC
hsa-miR-1180-5p,GGACCCAC,GTGGGTCC
hsa-miR-539-5p,GGAGAAAU,ATTTCTCC
hsa-miR-873-3p,GGAGACUG,CAGTCTCC
hsa-miR-3928-3p,GGAGGAAC,GTTCCTCC
hsa-miR-6089,GGAGGCCG,CGGCCTCC
hsa-miR-3197,GGAGGCGC,GCGCCTCC
hsa-miR-1914-3p,GGAGGGGU,ACCCCTCC
hsa-miR-6086,GGAGGUUG,CAACCTCC
hsa-miR-4481,GGAGUGGG,CCCACTCC
hsa-miR-144-5p,GGAUAUCA,TGATATCC
hsa-miR-4454,GGAUCCGA,TCGGATCC
hsa-miR-4534,GGAUGGAG,CTCCATCC
hsa-miR-8069,GGAUGGUU,AACCATCC
hsa-miR-145-3p,GGAUUCCU,AGGAATCC
hsa-miR-4722-5p,GGCAGGAG,CTCCTGCC
hsa-miR-657,GGCAGGUU,AACCTGCC
hsa-miR-4252,GGCCACUG,CAGTGGCC
hsa-miR-3194-5p,GGCCAGCC,GGCTGGCC
hsa-miR-10396a-3p_hsa-miR-10396b-3p,GGCCCCGG,CCGGGGCC
hsa-miR-4312,GGCCUUGU,ACAAGGCC
hsa-miR-1273c,GGCGACAA,TTGTCGCC
hsa-miR-4783-5p,GGCGCGCC,GGCGCGCC
hsa-miR-658,GGCGGAGG,CCTCCGCC
hsa-miR-3960_hsa-miR-8072,GGCGGCGG,CCGCCGCC
hsa-miR-10396a-5p,GGCGGGGC,GCCCCGCC
hsa-miR-187-5p,GGCUACAA,TTGTAGCC
hsa-miR-621,GGCUAGCA,TGCTAGCC
hsa-miR-7158-5p,GGCUCAAU,ATTGAGCC
hsa-miR-6847-3p,GGCUCAUG,CATGAGCC
hsa-miR-4268,GGCUCCUC,GAGGAGCC
hsa-miR-4448,GGCUCCUU,AAGGAGCC
hsa-miR-8077,GGCUGAGU,ACTCAGCC
hsa-miR-3135b,GGCUGGAG,CTCCAGCC
hsa-miR-5589-5p,GGCUGGGU,ACCCAGCC
hsa-miR-6131,GGCUGGUC,GACCAGCC
hsa-miR-103a-1-5p,GGCUUCUU,AAGAAGCC
hsa-miR-4327,GGCUUGCA,TGCAAGCC
hsa-miR-3160-5p,GGCUUUCU,AGAAAGCC
hsa-miR-6124,GGGAAAAG,CTTTTCCC
hsa-miR-6077,GGGAAGAG,CTCTTCCC
hsa-miR-3619-3p,GGGACCAU,ATGGTCCC
hsa-miR-711,GGGACCCA,TGGGTCCC
hsa-miR-6503-3p,GGGACUAG,CTAGTCCC
hsa-miR-4516,GGGAGAAG,CTTCTCCC
hsa-miR-505-5p,GGGAGCCA,TGGCTCCC
hsa-miR-3689d,GGGAGGUG,CACCTCCC
hsa-miR-4294,GGGAGUCU,AGACTCCC
hsa-miR-504-3p,GGGAGUGC,GCACTCCC
hsa-miR-3201,GGGAUAUG,CATATCCC
hsa-miR-1193,GGGAUGGU,ACCATCCC
hsa-miR-4320,GGGAUUCU,AGAATCCC
hsa-miR-6744-3p,GGGCCUCU,AGAGGCCC
hsa-miR-6069,GGGCUAGG,CCTAGCCC
hsa-miR-4284,GGGCUCAC,GTGAGCCC
hsa-miR-5787,GGGCUGGG,CCCAGCCC
hsa-miR-3153,GGGGAAAG,CTTTCCCC
hsa-miR-8059,GGGGAACU,AGTTCCCC
hsa-miR-6090,GGGGAGCG,CGCTCCCC
hsa-miR-920,GGGGAGCU,AGCTCCCC
hsa-miR-6799-5p,GGGGAGGU,ACCTCCCC
hsa-miR-2861,GGGGCCUG,CAGGCCCC
hsa-miR-3178,GGGGCGCG,CGCGCCCC
hsa-miR-762_hsa-miR-4492,GGGGCUGG,CCAGCCCC
hsa-miR-4675,GGGGCUGU,ACAGCCCC
hsa-miR-4271,GGGGGAAG,CTTCCCCC
hsa-miR-128-2-5p,GGGGGCCG,CGGCCCCC
hsa-miR-4525,GGGGGGAU,ATCCCCCC
hsa-miR-328-5p,GGGGGGGC,GCCCCCCC
hsa-miR-6752-5p,GGGGGGUG,CACCCCCC
hsa-miR-615-5p,GGGGGUCC,GGACCCCC
hsa-miR-503-3p,GGGGUAUU,AATACCCC
hsa-miR-4483,GGGGUGGU,ACCACCCC
hsa-miR-23a-5p,GGGGUUCC,GGAACCCC
hsa-miR-4281,GGGUCCCG,CGGGACCC
hsa-miR-4710,GGGUGAGG,CCTCACCC
hsa-miR-4466,GGGUGCGG,CCGCACCC
hsa-miR-92a-2-5p,GGGUGGGG,CCCCACCC
hsa-miR-5087,GGGUUUGU,ACAAACCC
hsa-miR-376a-2-5p,GGUAGAUU,AATCTACC
hsa-miR-6073,GGUAGUGA,TCACTACC
hsa-miR-3713,GGUAUCCG,CGGATACC
hsa-miR-198,GGUCCAGA,TCTGGACC
hsa-miR-489-5p,GGUCGUAU,ATACGACC
hsa-miR-8078,GGUCUAGG,CCTAGACC
hsa-miR-4316,GGUGAGGC,GCCTCACC
hsa-miR-143-5p,GGUGCAGU,ACTGCACC
hsa-miR-376c-5p,GGUGGAUA,TATCCACC
hsa-miR-663b,GGUGGCCC,GGGCCACC
hsa-miR-4769-5p,GGUGGGAU,ATCCCACC
hsa-miR-3151-5p,GGUGGGGC,GCCCCACC
hsa-miR-4447_hsa-miR-4472,GGUGGGGG,CCCCCACC
hsa-miR-642b-5p,GGUUCCCU,AGGGAACC
hsa-miR-2116-5p,GGUUCUUA,TAAGAACC
hsa-miR-3147,GGUUGGGC,GCCCAACC
hsa-miR-6792-5p,GUAAGCAG,CTGCTTAC
hsa-miR-6892-5p,GUAAGGGA,TCCCTTAC
hsa-miR-4724-3p,GUACCUUC,GAAGGTAC
hsa-miR-877-5p,GUAGAGGA,TCCTCTAC
hsa-miR-376a-5p,GUAGAUUC,GAATCTAC
hsa-miR-5682,GUAGCACC,GGTGCTAC
hsa-miR-6824-5p,GUAGGGGA,TCCCCTAC
hsa-miR-6789-5p,GUAGGGGC,GCCCCTAC
hsa-miR-6800-5p,GUAGGUGA,TCACCTAC
hsa-miR-4789-5p,GUAUACAC,GTGTATAC
hsa-miR-4420,GUCACUGA,TCAGTGAC
hsa-miR-485-3p,GUCAUACA,TGTATGAC
hsa-miR-4436b-5p,GUCCACUU,AAGTGGAC
hsa-miR-145-5p,GUCCAGUU,AACTGGAC
hsa-miR-642a-5p,GUCCCUCU,AGAGGGAC
hsa-miR-670-5p,GUCCCUGA,TCAGGGAC
hsa-miR-572,GUCCGCUC,GAGCGGAC
hsa-miR-5571-3p,GUCCUAGG,CCTAGGAC
hsa-miR-4691-5p,GUCCUCCA,TGGAGGAC
hsa-miR-11181-5p,GUCUGACC,GGTCAGAC
hsa-miR-203a-3p,GUGAAAUG,CATTTCAC
hsa-miR-887-3p,GUGAACGG,CCGTTCAC
hsa-miR-6126,GUGAAGGC,GCCTTCAC
hsa-miR-183-3p,GUGAAUUA,TAATTCAC
hsa-miR-489-3p,GUGACAUC,GATGTCAC
hsa-miR-4439,GUGACUGA,TCAGTCAC
hsa-miR-6864-3p,GUGAGACU,AGTCTCAC
hsa-miR-6807-5p,GUGAGCCA,TGGCTCAC
hsa-miR-1224-5p,GUGAGGAC,GTCCTCAC
hsa-miR-6858-5p,GUGAGGAG,CTCCTCAC
hsa-miR-6765-5p,GUGAGGCG,CGCCTCAC
hsa-miR-6834-5p,GUGAGGGA,TCCCTCAC
hsa-miR-1226-5p,GUGAGGGC,GCCCTCAC
hsa-miR-6869-5p,GUGAGUAG,CTACTCAC
hsa-miR-937-5p,GUGAGUCA,TGACTCAC
hsa-miR-627-5p,GUGAGUCU,AGACTCAC
hsa-miR-1238-5p_hsa-miR-4758-5p,GUGAGUGG,CCACTCAC
hsa-miR-4658_hsa-miR-6790-5p,GUGAGUGU,ACACTCAC
hsa-miR-10395-5p,GUGAUGGA,TCCATCAC
hsa-miR-548aw,GUGCAAAA,TTTTGCAC
hsa-miR-5011-3p,GUGCAUGG,CCATGCAC
hsa-miR-33a-5p_hsa-miR-33b-5p,GUGCAUUG,CAATGCAC
hsa-miR-4715-3p,GUGCCACC,GGTGGCAC
hsa-miR-1202,GUGCCAGC,GCTGGCAC
hsa-miR-6850-5p,GUGCGGAA,TTCCGCAC
hsa-miR-6821-5p,GUGCGUGG,CCACGCAC
hsa-miR-3977,GUGCUUCA,TGAAGCAC
hsa-miR-3978,GUGGAAAG,CTTTCCAC
hsa-miR-4776-5p,GUGGACCA,TGGTCCAC
hsa-miR-4535,GUGGACCU,AGGTCCAC
hsa-miR-3198,GUGGAGUC,GACTCCAC
hsa-miR-8057,GUGGCUCU,AGAGCCAC
hsa-miR-647,GUGGCUGC,GCAGCCAC
hsa-miR-5089-5p,GUGGGAUU,AATCCCAC
hsa-miR-1228-5p,GUGGGCGG,CCGCCCAC
hsa-miR-3620-5p,GUGGGCUG,CAGCCCAC
hsa-miR-1227-5p,GUGGGGCC,GGCCCCAC
hsa-miR-1275,GUGGGGGA,TCCCCCAC
hsa-miR-1225-5p,GUGGGUAC,GTACCCAC
hsa-miR-1229-5p,GUGGGUAG,CTACCCAC
hsa-miR-6741-5p,GUGGGUGC,GCACCCAC
hsa-miR-3940-5p,GUGGGUUG,CAACCCAC
hsa-miR-6848-3p,GUGGUCUC,GAGACCAC
hsa-miR-487a-5p_hsa-miR-487b-5p,GUGGUUAU,ATAACCAC
hsa-miR-632,GUGUCUGC,GCAGACAC
hsa-miR-1231,GUGUCUGG,CCAGACAC
hsa-miR-511-5p,GUGUCUUU,AAAGACAC
hsa-miR-6808-3p,GUGUGACC,GGTCACAC
hsa-miR-147b-3p,GUGUGCGG,CCGCACAC
hsa-miR-6833-5p,GUGUGGAA,TTCCACAC
hsa-miR-7108-5p,GUGUGGCC,GGCCACAC
hsa-miR-147a,GUGUGUGG,CCACACAC
hsa-miR-2053,GUGUUAAU,ATTAACAC
hsa-miR-4273,GUGUUCUC,GAGAACAC
hsa-miR-653-5p,GUGUUGAA,TTCAACAC
hsa-miR-2909,GUUAGGGC,GCCCTAAC
hsa-miR-607,GUUCAAAU,ATTTGAAC
hsa-miR-3692-3p,GUUCCACA,TGTGGAAC
hsa-miR-3074-5p,GUUCCUGC,GCAGGAAC
hsa-miR-629-3p,GUUCUCCC,GGGAGAAC
hsa-miR-4652-3p,GUUCUGUU,AACAGAAC
hsa-miR-3122,GUUGGGAC,GTCCCAAC
hsa-miR-5572,GUUGGGGU,ACCCCAAC
hsa-miR-599,GUUGUGUC,GACACAAC
hsa-miR-552-5p,GUUUAACC,GGTTAAAC
hsa-miR-557,GUUUGCAC,GTGCAAAC
hsa-miR-7850-5p,GUUUGGAC,GTCCAAAC
hsa-miR-2681-5p,GUUUUACC,GGTAAAAC
hsa-miR-548x-3p_hsa-miR-548aj-3p,UAAAAACU,AGTTTTTA
hsa-miR-548as-3p,UAAAACCC,GGGTTTTA
hsa-miR-548ar-3p,UAAAACUG,CAGTTTTA
hsa-miR-5582-3p,UAAAACUU,AAGTTTTA
hsa-miR-4282,UAAAAUUU,AAATTTTA
hsa-miR-3133,UAAAGAAC,GTTCTTTA
hsa-miR-7161-5p,UAAAGACU,AGTCTTTA
hsa-miR-1276,UAAAGAGC,GCTCTTTA
hsa-miR-12135,UAAAGGUU,AACCTTTA
hsa-miR-559,UAAAGUAA,TTACTTTA
hsa-miR-20a-5p_hsa-miR-106b-5p,UAAAGUGC,GCACTTTA
hsa-miR-4796-3p,UAAAGUGG,CCACTTTA
hsa-miR-3121-3p,UAAAUAGA,TCTATTTA
hsa-miR-605-5p,UAAAUCCC,GGGATTTA
hsa-miR-513a-3p_hsa-miR-513c-3p,UAAAUUUC,GAAATTTA
hsa-miR-5688,UAACAAAC,GTTTGTTA
hsa-miR-141-3p_hsa-miR-200a-3p,UAACACUG,CAGTGTTA
hsa-miR-212-3p_hsa-miR-132-3p,UAACAGUC,GACTGTTA
hsa-miR-4803,UAACAUAA,TTATGTTA
hsa-miR-6732-3p,UAACCCUG,CAGGGTTA
hsa-miR-3912-3p,UAACGCAU,ATGCGTTA
hsa-miR-4485-3p,UAACGGCC,GGCCGTTA
hsa-miR-582-3p,UAACUGGU,ACCAGTTA
hsa-miR-12120,UAAGGAAC,GTTCCTTA
hsa-miR-6891-5p,UAAGGAGG,CCTCCTTA
hsa-miR-124-3p_hsa-miR-506-3p,UAAGGCAC,GTGCCTTA
hsa-miR-3936,UAAGGGGU,ACCCCTTA
hsa-miR-18a-5p_hsa-miR-18b-5p,UAAGGUGC,GCACCTTA
hsa-miR-302a-3p_hsa-miR-302b-3p_hsa-miR-302c-3p_hsa-miR-302d-3p_hsa-miR-302e,UAAGUGCU,AGCACTTA
hsa-miR-200b-3p_hsa-miR-200c-3p_hsa-miR-429,UAAUACUG,CAGTATTA
hsa-miR-500a-5p,UAAUCCUU,AAGGATTA
hsa-miR-216a-5p,UAAUCUCA,TGAGATTA
hsa-miR-580-5p,UAAUGAUU,AATCATTA
hsa-miR-5700,UAAUGCAU,ATGCATTA
hsa-miR-365a-3p_hsa-miR-365b-3p,UAAUGCCC,GGGCATTA
hsa-miR-302f,UAAUUGCU,AGCAATTA
hsa-miR-590-3p,UAAUUUUA,TAAAATTA
hsa-miR-6882-5p,UACAAGUC,GACTTGTA
hsa-miR-4801,UACACAAG,CTTGTGTA
hsa-miR-5683,UACAGAUG,CATCTGTA
hsa-miR-6856-3p,UACAGCCC,GGGCTGTA
hsa-miR-101-3p,UACAGUAC,GTACTGTA
hsa-miR-144-3p,UACAGUAU,ATACTGTA
hsa-miR-4802-3p,UACAUGGA,TCCATGTA
hsa-miR-140-3p,UACCACAG,CTGTGGTA
hsa-miR-6512-5p,UACCAUUA,TAATGGTA
hsa-miR-1912-3p,UACCCAGA,TCTGGGTA
hsa-miR-3130-5p,UACCCAGU,ACTGGGTA
hsa-miR-660-5p,UACCCAUU,AATGGGTA
hsa-miR-10a-5p_hsa-miR-10b-5p,UACCCUGU,ACAGGGTA
hsa-miR-7851-3p,UACCUGGG,CCCAGGTA
hsa-miR-3939,UACGCGCA,TGCGCGTA
hsa-miR-433-5p,UACGGUGA,TCACCGTA
hsa-miR-1277-3p,UACGUAGA,TCTACGTA
hsa-miR-598-3p,UACGUCAU,ATGACGTA
hsa-miR-4637,UACUAACU,AGTTAGTA
hsa-miR-888-5p,UACUCAAA,TTTGAGTA
hsa-miR-510-5p,UACUCAGG,CCTGAGTA
hsa-miR-508-5p,UACUCCAG,CTGGAGTA
hsa-miR-514a-5p,UACUCUGG,CCAGAGTA
hsa-miR-509-5p_hsa-miR-509-3-5p,UACUGCAG,CTGCAGTA
hsa-miR-217-5p,UACUGCAU,ATGCAGTA
hsa-miR-9898,UACUUACC,GGTAAGTA
hsa-miR-890,UACUUGGA,TCCAAGTA
hsa-miR-5003-3p,UACUUUUC,GAAAAGTA
hsa-miR-6502-3p,UAGACCAU,ATGGTCTA
hsa-miR-6863,UAGACGUG,CACGTCTA
hsa-miR-6758-5p,UAGAGAGG,CCTCTCTA
hsa-miR-3125,UAGAGGAA,TTCCTCTA
hsa-miR-12127,UAGAGGUU,AACCTCTA
hsa-miR-5007-5p,UAGAGUCU,AGACTCTA
hsa-miR-577,UAGAUAAA,TTTATCTA
hsa-miR-7161-3p,UAGAUCUU,AAGATCTA
hsa-miR-548p,UAGCAAAA,TTTTGCTA
hsa-miR-451b,UAGCAAGA,TCTTGCTA
hsa-miR-4703-5p,UAGCAAUA,TATTGCTA
hsa-miR-29a-3p_hsa-miR-29b-3p_hsa-miR-29c-3p,UAGCACCA,TGGTGCTA
hsa-miR-15a-5p_hsa-miR-16-5p_hsa-miR-15b-5p_hsa-miR-195-5p,UAGCAGCA,TGCTGCTA
hsa-miR-503-5p,UAGCAGCG,CGCTGCTA
hsa-miR-3943,UAGCCCCC,GGGGGCTA
hsa-miR-3614-3p,UAGCCUUC,GAAGGCTA
hsa-miR-4781-5p,UAGCGGGG,CCCCGCTA
hsa-miR-21-5p,UAGCUUAU,ATAAGCTA
hsa-miR-1197,UAGGACAC,GTGTCCTA
hsa-miR-4759,UAGGACUA,TAGTCCTA
hsa-miR-3169,UAGGACUG,CAGTCCTA
hsa-miR-3139,UAGGAGCU,AGCTCCTA
hsa-miR-4779,UAGGAGGG,CCCTCCTA
hsa-miR-2392,UAGGAUGG,CCATCCTA
hsa-miR-3159,UAGGAUUA,TAATCCTA
hsa-miR-5582-5p,UAGGCACA,TGTGCCTA
hsa-miR-34b-5p_hsa-miR-449c-5p,UAGGCAGU,ACTGCCTA
hsa-miR-4717-5p,UAGGCCAC,GTGGCCTA
hsa-miR-1245b-5p,UAGGCCUU,AAGGCCTA
hsa-miR-6757-5p,UAGGGAUG,CATCCCTA
hsa-miR-6783-5p,UAGGGGAA,TTCCCCTA
hsa-miR-4688,UAGGGGCA,TGCCCCTA
hsa-miR-6805-5p,UAGGGGGC,GCCCCCTA
hsa-miR-6732-5p,UAGGGGGU,ACCCCCTA
hsa-miR-6782-5p,UAGGGGUG,CACCCCTA
hsa-miR-6841-5p,UAGGGUAC,GTACCCTA
hsa-miR-6755-5p,UAGGGUAG,CTACCCTA
hsa-miR-6831-5p,UAGGUAGA,TCTACCTA
hsa-miR-196a-5p_hsa-miR-196b-5p,UAGGUAGU,ACTACCTA
hsa-miR-6815-5p_hsa-miR-6865-5p,UAGGUGGC,GCCACCTA
hsa-miR-154-5p,UAGGUUAU,ATAACCTA
hsa-miR-624-5p,UAGUACCA,TGGTACTA
hsa-miR-1278,UAGUACUG,CAGTACTA
hsa-miR-411-5p,UAGUAGAC,GTCTACTA
hsa-miR-2114-5p,UAGUCCCU,AGGGACTA
hsa-miR-3174,UAGUGAGU,ACTCACTA
hsa-miR-454-3p,UAGUGCAA,TTGCACTA
hsa-miR-12115,UAGUGGAG,CTCCACTA
hsa-miR-3681-5p,UAGUGGAU,ATCCACTA
hsa-miR-203b-5p_hsa-miR-6718-5p,UAGUGGUC,GACCACTA
hsa-miR-5584-3p,UAGUUCUU,AAGAACTA
hsa-miR-3163,UAUAAAAU,ATTTTATA
hsa-miR-381-3p_hsa-miR-300,UAUACAAG,CTTGTATA
hsa-miR-875-5p,UAUACCUC,GAGGTATA
hsa-miR-3976,UAUAGAGA,TCTCTATA
hsa-miR-135a-3p,UAUAGGGA,TCCCTATA
hsa-miR-5011-5p,UAUAUAUA,TATATATA
hsa-miR-8076,UAUAUGGA,TCCATATA
hsa-miR-2681-3p,UAUCAUGG,CCATGATA
hsa-miR-5586-5p,UAUCCAGC,GCTGGATA
hsa-miR-4686,UAUCUGCU,AGCAGATA
hsa-miR-586,UAUGCAUU,AATGCATA
hsa-miR-3688-3p,UAUGGAAA,TTTCCATA
hsa-miR-4802-5p_hsa-miR-1843,UAUGGAGG,CCTCCATA
hsa-miR-6514-5p,UAUGGAGU,ACTCCATA
hsa-miR-183-5p,UAUGGCAC,GTGCCATA
hsa-miR-135a-5p_hsa-miR-135b-5p,UAUGGCUU,AAGCCATA
hsa-miR-3675-5p,UAUGGGGC,GCCCCATA
hsa-miR-5579-5p,UAUGGUAC,GTACCATA
hsa-miR-379-3p_hsa-miR-411-3p,UAUGUAAC,GTTACATA
hsa-miR-380-3p,UAUGUAAU,ATTACATA
hsa-miR-7852-3p,UAUGUAGU,ACTACATA
hsa-miR-6834-3p,UAUGUCCC,GGGACATA
hsa-miR-654-3p,UAUGUCUG,CAGACATA
hsa-miR-4501,UAUGUGAC,GTCACATA
hsa-miR-455-5p,UAUGUGCC,GGCACATA
hsa-miR-299-3p,UAUGUGGG,CCCACATA
hsa-miR-12132,UAUUACUG,CAGTAATA
hsa-miR-892c-5p,UAUUCAGA,TCTGAATA
hsa-miR-506-5p,UAUUCAGG,CCTGAATA
hsa-miR-664a-3p,UAUUCAUU,AATGAATA
hsa-miR-32-5p_hsa-miR-92a-3p_hsa-miR-92b-3p,UAUUGCAC,GTGCAATA
hsa-miR-1323,UCAAAACU,AGTTTTGA
hsa-miR-8063,UCAAAAUC,GATTTTGA
hsa-miR-4698,UCAAAAUG,CATTTTGA
hsa-miR-105-5p_hsa-miR-7853-5p,UCAAAUGC,GCATTTGA
hsa-miR-3065-5p,UCAACAAA,TTTGTTGA
hsa-miR-335-5p,UCAAGAGC,GCTCTTGA
hsa-miR-3922-5p,UCAAGGCC,GGCCTTGA
hsa-miR-5697,UCAAGUAG,CTACTTGA
hsa-miR-224-5p,UCAAGUCA,TGACTTGA
hsa-miR-6513-3p,UCAAGUGU,ACACTTGA
hsa-miR-95-5p,UCAAUAAA,TTTATTGA
hsa-miR-6826-5p,UCAAUAGG,CCTATTGA
hsa-miR-4705,UCAAUCAC,GTGATTGA
hsa-miR-4719,UCACAAAU,ATTTGTGA
hsa-miR-5003-5p,UCACAACA,TGTTGTGA
hsa-miR-4457,UCACAAGG,CCTTGTGA
hsa-miR-125b-2-3p,UCACAAGU,ACTTGTGA
hsa-miR-1228-3p,UCACACCU,AGGTGTGA
hsa-miR-216a-3p_hsa-miR-128-3p,UCACAGUG,CACTGTGA
hsa-miR-1226-3p,UCACCAGC,GCTGGTGA
hsa-miR-3620-3p,UCACCCUG,CAGGGTGA
hsa-miR-3622a-3p_hsa-miR-3622b-3p,UCACCUGA,TCAGGTGA
hsa-miR-6765-3p,UCACCUGG,CCAGGTGA
hsa-miR-3186-3p,UCACGCGG,CCGCGTGA
hsa-miR-11401,UCACGUCU,AGACGTGA
hsa-miR-4999-3p,UCACUACC,GGTAGTGA
hsa-miR-483-3p,UCACUCCU,AGGAGTGA
hsa-miR-4639-3p,UCACUCUC,GAGAGTGA
hsa-miR-1208,UCACUGUU,AACAGTGA
hsa-miR-589-3p,UCAGAACA,TGTTCTGA
hsa-miR-1245b-3p,UCAGAUGA,TCATCTGA
hsa-miR-545-3p,UCAGCAAA,TTTGCTGA
hsa-miR-3065-3p,UCAGCACC,GGTGCTGA
hsa-miR-3619-5p,UCAGCAGG,CCTGCTGA
hsa-miR-7157-5p,UCAGCAUU,AATGCTGA
hsa-miR-5690,UCAGCUAC,GTAGCTGA
hsa-miR-6736-3p,UCAGCUCC,GGAGCTGA
hsa-miR-1207-3p,UCAGCUGG,CCAGCTGA
hsa-miR-5000-3p,UCAGGACA,TGTCCTGA
hsa-miR-4742-5p,UCAGGCAA,TTGCCTGA
hsa-miR-4692,UCAGGCAG,CTGCCTGA
hsa-miR-1972,UCAGGCCA,TGGCCTGA
hsa-miR-4650-5p,UCAGGCCU,AGGCCTGA
hsa-miR-484,UCAGGCUC,GAGCCTGA
hsa-miR-4270,UCAGGGAG,CTCCCTGA
hsa-miR-6823-5p,UCAGGGUU,AACCCTGA
hsa-miR-3934-5p,UCAGGUGU,ACACCTGA
hsa-miR-545-5p,UCAGUAAA,TTTACTGA
hsa-miR-4704-3p,UCAGUCAC,GTGACTGA
hsa-miR-148a-3p_hsa-miR-152-3p_hsa-miR-148b-3p,UCAGUGCA,TGCACTGA
hsa-miR-6733-3p,UCAGUGUC,GACACTGA
hsa-miR-584-3p,UCAGUUCC,GGAACTGA
hsa-miR-103b,UCAUAGCC,GGCTATGA
hsa-miR-1279,UCAUAUUG,CAATATGA
hsa-miR-6729-3p,UCAUCCCC,GGGGATGA
hsa-miR-5196-3p,UCAUCCUC,GAGGATGA
hsa-miR-4528,UCAUUAUA,TATAATGA
hsa-miR-4729,UCAUUUAU,ATAAATGA
hsa-miR-153-5p,UCAUUUUU,AAAAATGA
hsa-miR-6777-3p,UCCACUCU,AGAGTGGA
hsa-miR-338-3p,UCCAGCAU,ATGCTGGA
hsa-miR-4267,UCCAGCUC,GAGCTGGA
hsa-miR-4673,UCCAGGCA,TGCCTGGA
hsa-miR-7113-5p,UCCAGGGA,TCCCTGGA
hsa-miR-770-5p_hsa-miR-4712-5p,UCCAGUAC,GTACTGGA
hsa-miR-1825,UCCAGUGC,GCACTGGA
hsa-miR-4716-5p,UCCAUGUU,AACATGGA
hsa-miR-885-5p,UCCAUUAC,GTAATGGA
hsa-miR-6814-5p,UCCCAAGG,CCTTGGGA
hsa-miR-662,UCCCACGU,ACGTGGGA
hsa-miR-4301,UCCCACUA,TAGTGGGA
hsa-miR-6764-5p,UCCCAGGG,CCCTGGGA
hsa-miR-6793-3p,UCCCCAAC,GTTGGGGA
hsa-miR-361-3p,UCCCCCAG,CTGGGGGA
hsa-miR-6887-3p,UCCCCUCC,GGAGGGGA
hsa-miR-6810-3p,UCCCCUGC,GCAGGGGA
hsa-miR-3127-3p_hsa-miR-6756-3p,UCCCCUUC,GAAGGGGA
hsa-miR-3162-3p,UCCCUACC,GGTAGGGA
hsa-miR-4667-3p,UCCCUCCU,AGGAGGGA
hsa-miR-6803-3p,UCCCUCGC,GCGAGGGA
hsa-miR-6892-3p,UCCCUCUC,GAGAGGGA
hsa-miR-125b-5p_hsa-miR-125a-5p_hsa-miR-4319,UCCCUGAG,CTCAGGGA
hsa-miR-6752-3p,UCCCUGCC,GGCAGGGA
hsa-miR-4308,UCCCUGGA,TCCAGGGA
hsa-miR-339-5p,UCCCUGUC,GACAGGGA
hsa-miR-5088-3p,UCCCUUCU,AGAAGGGA
hsa-miR-6780b-3p,UCCCUUGU,ACAAGGGA
hsa-miR-6716-3p,UCCGAACU,AGTTCGGA
hsa-miR-615-3p,UCCGAGCC,GGCTCGGA
hsa-miR-671-3p,UCCGGUUC,GAACCGGA
hsa-miR-3678-5p,UCCGUACA,TGTACGGA
hsa-miR-340-3p,UCCGUCUC,GAGACGGA
hsa-miR-5009-3p,UCCUAAAU,ATTTAGGA
hsa-miR-6761-3p,UCCUACGC,GCGTAGGA
hsa-miR-6072,UCCUCAUC,GATGAGGA
hsa-miR-5193,UCCUCCUC,GAGGAGGA
hsa-miR-877-3p,UCCUCUUC,GAAGAGGA
hsa-miR-6727-3p,UCCUGCCA,TGGCAGGA
hsa-miR-6747-3p,UCCUGCCU,AGGCAGGA
hsa-miR-1539,UCCUGCGC,GCGCAGGA
hsa-miR-3193,UCCUGCGU,ACGCAGGA
hsa-miR-486-5p,UCCUGUAC,GTACAGGA
hsa-miR-6748-3p,UCCUGUCC,GGACAGGA
hsa-miR-5699-3p,UCCUGUCU,AGACAGGA
hsa-miR-205-5p,UCCUUCAU,ATGAAGGA
hsa-miR-1237-3p,UCCUUCUG,CAGAAGGA
hsa-miR-10397-5p,UCCUUGAC,GTCAAGGA
hsa-miR-3121-5p,UCCUUUGC,GCAAAGGA
hsa-miR-196b-3p,UCGACAGC,GCTGTCGA
hsa-miR-1307-5p,UCGACCGG,CCGGTCGA
hsa-miR-3131,UCGAGGAC,GTCCTCGA
hsa-miR-151a-5p_hsa-miR-151b,UCGAGGAG,CTCCTCGA
hsa-miR-6767-5p,UCGCAGAC,GTCTGCGA
hsa-miR-1281,UCGCCUCC,GGAGGCGA
hsa-miR-1292-3p,UCGCGCCC,GGGCGCGA
hsa-miR-579-5p,UCGCGGUU,AACCGCGA
hsa-miR-127-3p,UCGGAUCC,GGATCCGA
hsa-miR-1234-3p_hsa-miR-7107-5p,UCGGCCUG,CAGGCCGA
hsa-miR-6741-3p,UCGGCUCU,AGAGCCGA
hsa-miR-11400,UCGGCUGU,ACAGCCGA
hsa-miR-6749-5p,UCGGGCCU,AGGCCCGA
hsa-miR-6499-5p,UCGGGCGC,GCGCCCGA
hsa-miR-6889-5p,UCGGGGAG,CTCCCCGA
hsa-miR-542-5p,UCGGGGAU,ATCCCCGA
hsa-miR-6775-5p,UCGGGGCA,TGCCCCGA
hsa-miR-101-2-5p,UCGGUUAU,ATAACCGA
hsa-miR-126-3p,UCGUACCG,CGGTACGA
hsa-miR-6506-3p,UCGUAUCA,TGATACGA
hsa-miR-4536-3p,UCGUGCAU,ATGCACGA
hsa-miR-1204,UCGUGGCC,GGCCACGA
hsa-miR-6774-3p,UCGUGUCC,GGACACGA
hsa-miR-187-3p,UCGUGUCU,AGACACGA
hsa-miR-1282,UCGUUUGC,GCAAACGA
hsa-miR-4744,UCUAAAGA,TCTTTAGA
hsa-miR-1283,UCUACAAA,TTTGTAGA
hsa-miR-139-5p,UCUACAGU,ACTGTAGA
hsa-miR-6508-5p,UCUAGAAA,TTTCTAGA
hsa-miR-520g-5p,UCUAGAGG,CCTCTAGA
hsa-miR-645,UCUAGGCU,AGCCTAGA
hsa-miR-628-3p,UCUAGUAA,TTACTAGA
hsa-miR-6080,UCUAGUGC,GCACTAGA
hsa-miR-1284,UCUAUACA,TGTATAGA
hsa-miR-6731-3p,UCUAUUCC,GGAATAGA
hsa-miR-342-3p,UCUCACAC,GTGTGAGA
hsa-miR-6784-3p,UCUCACCC,GGGTGAGA
hsa-miR-1304-3p,UCUCACUG,CAGTGAGA
hsa-miR-6787-3p,UCUCAGCU,AGCTGAGA
hsa-miR-3664-3p,UCUCAGGA,TCCTGAGA
hsa-miR-4797-3p,UCUCAGUA,TACTGAGA
hsa-miR-150-5p,UCUCCCAA,TTGGGAGA
hsa-miR-4287_hsa-miR-4685-3p,UCUCCCUU,AAGGGAGA
hsa-miR-6872-5p,UCUCGCAU,ATGCGAGA
hsa-miR-12125,UCUCUCAC,GTGAGAGA
hsa-miR-3615,UCUCUCGG,CCGAGAGA
hsa-miR-7110-3p,UCUCUCUC,GAGAGAGA
hsa-miR-6817-3p,UCUCUCUG,CAGAGAGA
hsa-miR-3921_hsa-miR-4653-5p,UCUCUGAG,CTCAGAGA
hsa-miR-6728-3p,UCUCUGCU,AGCAGAGA
hsa-miR-518c-5p,UCUCUGGA,TCCAGAGA
hsa-miR-330-5p,UCUCUGGG,CCCAGAGA
hsa-miR-6764-3p_hsa-miR-6824-3p,UCUCUGGU,ACCAGAGA
hsa-miR-6515-3p,UCUCUUCA,TGAAGAGA
hsa-miR-4766-5p,UCUGAAAG,CTTTCAGA
hsa-miR-12113,UCUGAACU,AGTTCAGA
hsa-miR-4427,UCUGAAUA,TATTCAGA
hsa-miR-4680-3p,UCUGAAUU,AATTCAGA
hsa-miR-6719-3p,UCUGACAU,ATGTCAGA
hsa-miR-6761-5p,UCUGAGAG,CTCTCAGA
hsa-miR-4649-3p,UCUGAGGC,GCCTCAGA
hsa-miR-7162-3p,UCUGAGGU,ACCTCAGA
hsa-miR-4682,UCUGAGUU,AACTCAGA
hsa-miR-2276-3p,UCUGCAAG,CTTGCAGA
hsa-miR-4793-3p,UCUGCACU,AGTGCAGA
hsa-miR-1205_hsa-miR-10394-5p,UCUGCAGG,CCTGCAGA
hsa-miR-4769-3p_hsa-miR-6817-5p,UCUGCCAU,ATGGCAGA
hsa-miR-1913,UCUGCCCC,GGGGCAGA
hsa-miR-767-3p,UCUGCUCA,TGAGCAGA
hsa-miR-6839-5p,UCUGGAUU,AATCCAGA
hsa-miR-3128,UCUGGCAA,TTGCCAGA
hsa-miR-3190-5p,UCUGGCCA,TGGCCAGA
hsa-miR-3922-3p,UCUGGCCU,AGGCCAGA
hsa-miR-4794,UCUGGCUA,TAGCCAGA
hsa-miR-149-5p,UCUGGCUC,GAGCCAGA
hsa-miR-3064-5p_hsa-miR-6504-5p_hsa-miR-3085-3p,UCUGGCUG,CAGCCAGA
hsa-miR-3192-5p,UCUGGGAG,CTCCCAGA
hsa-miR-1285-3p_hsa-miR-5189-5p,UCUGGGCA,TGCCCAGA
hsa-miR-4700-5p,UCUGGGGA,TCCCCAGA
hsa-miR-7155-5p,UCUGGGGU,ACCCCAGA
hsa-miR-6776-5p,UCUGGGUG,CACCCAGA
hsa-miR-4490,UCUGGUAA,TTACCAGA
hsa-miR-4774-5p,UCUGGUAU,ATACCAGA
hsa-miR-7152-3p,UCUGGUCC,GGACCAGA
hsa-miR-7978,UCUGGUGU,ACACCAGA
hsa-miR-3137,UCUGUAGC,GCTACAGA
hsa-miR-4742-3p,UCUGUAUU,AATACAGA
hsa-miR-215-3p,UCUGUCAU,ATGACAGA
hsa-miR-4677-3p,UCUGUGAG,CTCACAGA
hsa-miR-4679,UCUGUGAU,ATCACAGA
hsa-miR-6889-3p,UCUGUGCC,GGCACAGA
hsa-miR-6737-3p_hsa-miR-7157-3p,UCUGUGCU,AGCACAGA
hsa-miR-7114-5p,UCUGUGGA,TCCACAGA
hsa-miR-550b-3p,UCUUACUC,GAGTAAGA
hsa-miR-676-5p,UCUUCAAC,GTTGAAGA
hsa-miR-6754-3p,UCUUCACC,GGTGAAGA
hsa-miR-942-5p,UCUUCUCU,AGAGAAGA
hsa-miR-4778-3p,UCUUCUUC,GAAGAAGA
hsa-miR-4635,UCUUGAAG,CTTCAAGA
hsa-miR-432-5p,UCUUGGAG,CTCCAAGA
hsa-miR-581,UCUUGUGU,ACACAAGA
hsa-miR-9-5p,UCUUUGGU,ACCAAAGA
hsa-miR-627-3p,UCUUUUCU,AGAAAAGA
hsa-miR-494-3p,UGAAACAU,ATGTTTCA
hsa-miR-4738-3p,UGAAACUG,CAGTTTCA
hsa-miR-4786-3p,UGAAGCCA,TGGCTTCA
hsa-miR-7706,UGAAGCGC,GCGCTTCA
hsa-miR-3928-5p_hsa-miR-6806-3p,UGAAGCUC,GAGCTTCA
hsa-miR-493-3p,UGAAGGUC,GACCTTCA
hsa-miR-5585-5p,UGAAGUAC,GTACTTCA
hsa-miR-4670-3p,UGAAGUUA,TAACTTCA
hsa-miR-4790-3p,UGAAUGGU,ACCATTCA
hsa-miR-549a-3p,UGACAACU,AGTTGTCA
hsa-miR-4462,UGACACGG,CCGTGTCA
hsa-miR-2277-3p,UGACAGCG,CGCTGTCA
hsa-miR-7114-3p,UGACCCAC,GTGGGTCA
hsa-miR-6859-3p,UGACCCCC,GGGGGTCA
hsa-miR-6846-3p,UGACCCCU,AGGGGTCA
hsa-miR-29c-5p,UGACCGAU,ATCGGTCA
hsa-miR-6821-3p,UGACCUCU,AGAGGTCA
hsa-miR-3661,UGACCUGG,CCAGGTCA
hsa-miR-6759-3p,UGACCUUU,AAAGGTCA
hsa-miR-6786-3p,UGACGCCC,GGGCGTCA
hsa-miR-6831-3p,UGACUAAC,GTTAGTCA
hsa-miR-10525-3p,UGACUAUG,CATAGTCA
hsa-miR-4522,UGACUCUG,CAGAGTCA
hsa-miR-6857-3p,UGACUGAG,CTCAGTCA
hsa-miR-5002-3p,UGACUGCC,GGCAGTCA
hsa-miR-6505-3p,UGACUUCU,AGAAGTCA
hsa-miR-589-5p,UGAGAACC,GGTTCTCA
hsa-miR-146a-5p_hsa-miR-146b-5p_hsa-miR-7153-5p,UGAGAACU,AGTTCTCA
hsa-miR-6770-5p,UGAGAAGG,CCTTCTCA
hsa-miR-4524a-3p,UGAGACAG,CTGTCTCA
hsa-miR-4786-5p,UGAGACCA,TGGTCTCA
hsa-miR-769-5p,UGAGACCU,AGGTCTCA
hsa-miR-4693-3p,UGAGAGUG,CACTCTCA
hsa-miR-143-3p_hsa-miR-4770,UGAGAUGA,TCATCTCA
hsa-miR-3663-3p,UGAGCACC,GGTGCTCA
hsa-miR-1225-3p,UGAGCCCC,GGGGCTCA
hsa-miR-1233-3p,UGAGCCCU,AGGGCTCA
hsa-miR-4537,UGAGCCGA,TCGGCTCA
hsa-miR-6823-3p,UGAGCCUC,GAGGCTCA
hsa-miR-339-3p,UGAGCGCC,GGCGCTCA
hsa-miR-610,UGAGCUAA,TTAGCTCA
hsa-miR-558,UGAGCUGC,GCAGCTCA
hsa-miR-5004-5p,UGAGGACA,TGTCCTCA
hsa-miR-3150b-3p_hsa-miR-4784,UGAGGAGA,TCTCCTCA
hsa-miR-3679-5p,UGAGGAUA,TATCCTCA
hsa-miR-3605-5p,UGAGGAUG,CATCCTCA
hsa-miR-1827,UGAGGCAG,CTGCCTCA
hsa-miR-5008-5p,UGAGGCCC,GGGCCTCA
hsa-miR-3975,UGAGGCUA,TAGCCTCA
hsa-miR-2467-5p,UGAGGCUC,GAGCCTCA
hsa-miR-3126-5p_hsa-miR-6875-5p,UGAGGGAC,GTCCCTCA
hsa-miR-4510_hsa-miR-6127_hsa-miR-6129_hsa-miR-6130_hsa-miR-6133,UGAGGGAG,CTCCCTCA
hsa-miR-4721,UGAGGGCU,AGCCCTCA
hsa-miR-423-5p_hsa-miR-3184-5p,UGAGGGGC,GCCCCTCA
hsa-miR-5194,UGAGGGGU,ACCCCTCA
hsa-miR-6804-5p,UGAGGGUG,CACCCTCA
hsa-let-7a-5p_hsa-let-7b-5p_hsa-let-7c-5p_hsa-let-7e-5p_hsa-let-7f-5p_hsa-miR-98-5p_hsa-let-7g-5p_hsa-let-7i-5p_hsa-miR-4500,UGAGGUAG,CTACCTCA
hsa-miR-7854-3p,UGAGGUGA,TCACCTCA
hsa-miR-6134,UGAGGUGG,CCACCTCA
hsa-miR-1911-5p,UGAGUACC,GGTACTCA
hsa-miR-496,UGAGUAUU,AATACTCA
hsa-miR-5702,UGAGUCAG,CTGACTCA
hsa-miR-1236-5p,UGAGUGAC,GTCACTCA
hsa-miR-4765,UGAGUGAU,ATCACTCA
hsa-miR-1909-5p,UGAGUGCC,GGCACTCA
hsa-miR-4745-5p,UGAGUGGG,CCCACTCA
hsa-miR-574-5p,UGAGUGUG,CACACTCA
hsa-miR-3659,UGAGUGUU,AACACTCA
hsa-miR-571,UGAGUUGG,CCAACTCA
hsa-miR-190a-5p_hsa-miR-190b-5p,UGAUAUGU,ACATATCA
hsa-miR-4772-5p,UGAUCAGG,CCTGATCA
hsa-miR-4695-3p,UGAUCUCA,TGAGATCA
hsa-miR-3682-3p,UGAUGAUA,TATCATCA
hsa-miR-8082,UGAUGGAG,CTCCATCA
hsa-miR-3134,UGAUGGAU,ATCCATCA
hsa-miR-509-3p,UGAUUGGU,ACCAATCA
hsa-miR-508-3p,UGAUUGUA,TACAATCA
hsa-miR-219a-5p_hsa-miR-4782-3p_hsa-miR-6766-3p,UGAUUGUC,GACAATCA
hsa-miR-548f-5p_hsa-miR-548g-5p_hsa-miR-548x-5p_hsa-miR-548aj-5p,UGCAAAAG,CTTTTGCA
hsa-miR-891a-5p,UGCAACGA,TCGTTGCA
hsa-miR-891b,UGCAACUU,AAGTTGCA
hsa-miR-4696,UGCAAGAC,GTCTTGCA
hsa-miR-5589-3p,UGCACAUG,CATGTGCA
hsa-miR-767-5p,UGCACCAU,ATGGTGCA
hsa-miR-3177-3p,UGCACGGC,GCCGTGCA
hsa-miR-4660,UGCAGCUC,GAGCTGCA
hsa-miR-1286,UGCAGGAC,GTCCTGCA
hsa-miR-6722-3p,UGCAGGGG,CCCCTGCA
hsa-miR-7112-3p,UGCAUCAC,GTGATGCA
hsa-miR-4711-5p,UGCAUCAG,CTGATGCA
hsa-miR-6797-3p,UGCAUGAC,GTCATGCA
hsa-miR-5189-3p,UGCCAACC,GGTTGGCA
hsa-miR-4641,UGCCCAUG,CATGGGCA
hsa-miR-5699-5p,UGCCCCAA,TTGGGGCA
hsa-miR-4758-3p,UGCCCCAC,GTGGGGCA
hsa-miR-3189-5p,UGCCCCAU,ATGGGGCA
hsa-miR-18b-3p,UGCCCUAA,TTAGGGCA
hsa-miR-4290,UGCCCUCC,GGAGGGCA
hsa-miR-7976,UGCCCUGA,TCAGGGCA
hsa-miR-3173-5p_hsa-miR-6799-3p,UGCCCUGC,GCAGGGCA
hsa-miR-938,UGCCCUUA,TAAGGGCA
hsa-miR-6886-3p,UGCCCUUC,GAAGGGCA
hsa-miR-4632-3p,UGCCGCCC,GGGCGGCA
hsa-miR-24-1-5p_hsa-miR-24-2-5p,UGCCUACU,AGTAGGCA
hsa-miR-3135a,UGCCUAGG,CCTAGGCA
hsa-miR-6778-3p,UGCCUCCC,GGGAGGCA
hsa-miR-6791-3p_hsa-miR-6829-3p,UGCCUCCU,AGGAGGCA
hsa-miR-6781-3p,UGCCUCUU,AAGAGGCA
hsa-miR-3116,UGCCUGGA,TCCAGGCA
hsa-miR-661,UGCCUGGG,CCCAGGCA
hsa-miR-214-5p,UGCCUGUC,GACAGGCA
hsa-miR-4297,UGCCUUCC,GGAAGGCA
hsa-miR-3683,UGCGACAU,ATGTCGCA
hsa-miR-668-5p,UGCGCCUC,GAGGCGCA
hsa-miR-6820-5p,UGCGGCAG,CTGCCGCA
hsa-miR-1199-3p,UGCGGCCG,CGGCCGCA
hsa-miR-4749-5p,UGCGGGGA,TCCCCGCA
hsa-miR-744-5p,UGCGGGGC,GCCCCGCA
hsa-miR-6854-3p,UGCGUUUC,GAAACGCA
hsa-miR-8086,UGCUAGUC,GACTAGCA
hsa-miR-31-3p,UGCUAUGC,GCATAGCA
hsa-miR-3934-3p,UGCUCAGG,CCTGAGCA
hsa-miR-7160-5p,UGCUGAGG,CCTCAGCA
hsa-miR-8075,UGCUGAUG,CATCAGCA
hsa-miR-6882-3p,UGCUGCCU,AGGCAGCA
hsa-miR-1287-5p,UGCUGGAU,ATCCAGCA
hsa-miR-5580-5p,UGCUGGCU,AGCCAGCA
hsa-miR-4731-5p,UGCUGGGG,CCCCAGCA
hsa-miR-4999-5p,UGCUGUAU,ATACAGCA
hsa-miR-4804-3p,UGCUUAAC,GTTAAGCA
hsa-miR-4720-3p,UGCUUAAG,CTTAAGCA
hsa-miR-516b-3p_hsa-miR-516a-3p_hsa-miR-7162-5p,UGCUUCCU,AGGAAGCA
hsa-miR-3148,UGGAAAAA,TTTTTCCA
hsa-miR-147b-5p,UGGAAACA,TGTTTCCA
hsa-miR-7-5p,UGGAAGAC,GTCTTCCA
hsa-miR-4533,UGGAAGGA,TCCTTCCA
hsa-miR-3202,UGGAAGGG,CCCTTCCA
hsa-miR-1-3p_hsa-miR-206,UGGAAUGU,ACATTCCA
hsa-miR-6861-3p,UGGACCUC,GAGGTCCA
hsa-miR-184,UGGACGGA,TCCGTCCA
hsa-miR-1288-3p,UGGACUGC,GCAGTCCA
hsa-miR-139-3p,UGGAGACG,CGTCTCCA
hsa-miR-185-5p_hsa-miR-4306_hsa-miR-4644,UGGAGAGA,TCTCTCCA
hsa-miR-4683,UGGAGAUC,GATCTCCA
hsa-miR-765,UGGAGGAG,CTCCTCCA
hsa-miR-1289,UGGAGUCC,GGACTCCA
hsa-miR-122-5p,UGGAGUGU,ACACTCCA
hsa-miR-4653-3p,UGGAGUUA,TAACTCCA
hsa-miR-4791,UGGAUAUG,CATATCCA
hsa-miR-6744-5p,UGGAUGAC,GTCATCCA
hsa-miR-4764-5p,UGGAUGUG,CACATCCA
hsa-miR-876-5p,UGGAUUUC,GAAATCCA
hsa-miR-1290,UGGAUUUU,AAAATCCA
hsa-miR-4470,UGGCAAAC,GTTTGCCA
hsa-miR-6809-5p,UGGCAAGG,CCTTGCCA
hsa-miR-9851-3p,UGGCACCA,TGGTGCCA
hsa-miR-1207-5p,UGGCAGGG,CCCTGCCA
hsa-miR-34a-5p_hsa-miR-449a,UGGCAGUG,CACTGCCA
hsa-miR-548au-3p,UGGCAGUU,AACTGCCA
hsa-miR-3926,UGGCCAAA,TTTGGCCA
hsa-miR-3136-3p_hsa-miR-7155-3p,UGGCCCAA,TTGGGCCA
hsa-miR-4745-3p,UGGCCCGG,CCGGGCCA
hsa-miR-1291,UGGCCCUG,CAGGGCCA
hsa-miR-6851-3p,UGGCCCUU,AAGGGCCA
hsa-miR-4743-5p,UGGCCGGA,TCCGGCCA
hsa-miR-8053,UGGCGAUU,AATCGCCA
hsa-miR-4467,UGGCGGCG,CGCCGCCA
hsa-miR-6787-5p,UGGCGGGG,CCCCGCCA
hsa-miR-24-3p,UGGCUCAG,CTGAGCCA
hsa-miR-10398-5p,UGGCUCCC,GGGAGCCA
hsa-miR-6762-3p,UGGCUGCU,AGCAGCCA
hsa-miR-4687-3p,UGGCUGUU,AACAGCCA
hsa-miR-6815-3p,UGGCUUCU,AGAAGCCA
hsa-miR-3119,UGGCUUUU,AAAAGCCA
hsa-miR-6733-5p_hsa-miR-6739-5p,UGGGAAAG,CTTTCCCA
hsa-miR-1292-5p,UGGGAACG,CGTTCCCA
hsa-miR-4471,UGGGAACU,AGTTCCCA
hsa-miR-6716-5p,UGGGAAUG,CATTCCCA
hsa-miR-6731-5p_hsa-miR-8085,UGGGAGAG,CTCTCCCA
hsa-miR-6827-5p,UGGGAGCC,GGCTCCCA
hsa-miR-4300_hsa-miR-5591-5p,UGGGAGCU,AGCTCCCA
hsa-miR-7106-5p,UGGGAGGA,TCCTCCCA
hsa-miR-4728-5p_hsa-miR-6785-5p,UGGGAGGG,CCCTCCCA
hsa-miR-4713-3p,UGGGAUCC,GGATCCCA
hsa-miR-5187-5p,UGGGAUGA,TCATCCCA
hsa-miR-6721-5p,UGGGCAGG,CCTGCCCA
hsa-miR-4640-5p,UGGGCCAG,CTGGCCCA
hsa-miR-6508-3p,UGGGCCAU,ATGGCCCA
hsa-miR-4649-5p_hsa-miR-6729-5p,UGGGCGAG,CTCGCCCA
hsa-miR-10394-3p,UGGGCGCG,CGCGCCCA
hsa-miR-585-3p,UGGGCGUA,TACGCCCA
hsa-miR-664b-5p,UGGGCUAA,TTAGCCCA
hsa-miR-4437,UGGGCUCA,TGAGCCCA
hsa-miR-4656,UGGGCUGA,TCAGCCCA
hsa-miR-6829-5p,UGGGCUGC,GCAGCCCA
hsa-miR-4498,UGGGCUGG,CCAGCCCA
hsa-miR-4725-3p_hsa-miR-6780b-5p,UGGGGAAG,CTTCCCCA
hsa-miR-3191-3p,UGGGGACG,CGTCCCCA
hsa-miR-939-5p_hsa-miR-1343-5p,UGGGGAGC,GCTCCCCA
hsa-miR-6825-5p,UGGGGAGG,CCTCCCCA
hsa-miR-4450,UGGGGAUU,AATCCCCA
hsa-miR-3180-3p_hsa-miR-3180_hsa-miR-6816-5p,UGGGGCGG,CCGCCCCA
hsa-miR-4489,UGGGGCUA,TAGCCCCA
hsa-miR-4283,UGGGGCUC,GAGCCCCA
hsa-miR-4723-5p_hsa-miR-5698_hsa-miR-6870-5p_hsa-miR-7111-5p,UGGGGGAG,CTCCCCCA
hsa-miR-6846-5p_hsa-miR-6848-5p,UGGGGGCU,AGCCCCCA
hsa-miR-6795-5p_hsa-miR-6887-5p,UGGGGGGA,TCCCCCCA
hsa-miR-6842-5p_hsa-miR-7110-5p,UGGGGGUG,CACCCCCA
hsa-miR-6881-5p,UGGGGUAA,TTACCCCA
hsa-miR-4664-5p,UGGGGUGC,GCACCCCA
hsa-miR-3132,UGGGUAGA,TCTACCCA
hsa-miR-193a-5p,UGGGUCUU,AAGACCCA
hsa-miR-6745,UGGGUGGA,TCCACCCA
hsa-miR-1293,UGGGUGGU,ACCACCCA
hsa-miR-6772-5p,UGGGUGUA,TACACCCA
hsa-miR-23b-5p,UGGGUUCC,GGAACCCA
hsa-miR-629-5p,UGGGUUUA,TAAACCCA
hsa-miR-379-5p,UGGUAGAC,GTCTACCA
hsa-miR-4451,UGGUAGAG,CTCTACCA
hsa-miR-6801-5p_hsa-miR-10393-3p,UGGUCAGA,TCTGACCA
hsa-miR-412-5p,UGGUCGAC,GTCGACCA
hsa-miR-601,UGGUCUAG,CTAGACCA
hsa-miR-4527,UGGUCUGC,GCAGACCA
hsa-miR-6753-3p_hsa-miR-7107-3p,UGGUCUGU,ACAGACCA
hsa-miR-675-5p,UGGUGCGG,CCGCACCA
hsa-miR-6880-5p,UGGUGGAG,CTCCACCA
hsa-miR-654-5p_hsa-miR-541-3p,UGGUGGGC,GCCCACCA
hsa-miR-6769b-5p,UGGUGGGU,ACCCACCA
hsa-miR-876-3p,UGGUGGUU,AACCACCA
hsa-miR-182-3p,UGGUUCUA,TAGAACCA
hsa-miR-597-3p,UGGUUCUC,GAGAACCA
hsa-miR-380-5p,UGGUUGAC,GTCAACCA
hsa-miR-299-5p,UGGUUUAC,GTAAACCA
hsa-miR-30a-5p_hsa-miR-30c-5p_hsa-miR-30d-5p_hsa-miR-30b-5p_hsa-miR-30e-5p,UGUAAACA,TGTTTACA
hsa-miR-194-5p,UGUAACAG,CTGTTACA
hsa-miR-4732-5p,UGUAGAGC,GCTCTACA
hsa-miR-3935,UGUAGAUA,TATCTACA
hsa-miR-8065,UGUAGGAA,TTCCTACA
hsa-miR-6806-5p,UGUAGGCA,TGCCTACA
hsa-miR-142-3p,UGUAGUGU,ACACTACA
hsa-miR-4703-3p,UGUAGUUG,CAACTACA
hsa-miR-12122,UGUCACAG,CTGTGACA
hsa-miR-6879-3p,UGUCACCC,GGGTGACA
hsa-miR-668-3p,UGUCACUC,GAGTGACA
hsa-miR-4697-3p,UGUCAGUG,CACTGACA
hsa-miR-223-3p,UGUCAGUU,AACTGACA
hsa-miR-3909_hsa-miR-6852-3p,UGUCCUCU,AGAGGACA
hsa-miR-4440,UGUCGUGG,CCACGACA
hsa-miR-3618,UGUCUACA,TGTAGACA
hsa-miR-934,UGUCUACU,AGTAGACA
hsa-miR-4796-5p,UGUCUAUA,TATAGACA
hsa-miR-6895-3p,UGUCUCUC,GAGAGACA
hsa-miR-593-3p,UGUCUCUG,CAGAGACA
hsa-miR-346,UGUCUGCC,GGCAGACA
hsa-miR-550a-3p,UGUCUUAC,GTAAGACA
hsa-miR-6740-3p,UGUCUUCU,AGAAGACA
hsa-miR-431-5p,UGUCUUGC,GCAAGACA
hsa-miR-6830-3p,UGUCUUUC,GAAAGACA
hsa-miR-4504,UGUGACAA,TTGTCACA
hsa-miR-542-3p,UGUGACAG,CTGTCACA
hsa-miR-7973,UGUGACCC,GGGTCACA
hsa-miR-134-5p_hsa-miR-3118,UGUGACUG,CAGTCACA
hsa-miR-3164_hsa-miR-6820-3p,UGUGACUU,AAGTCACA
hsa-miR-1294_hsa-miR-9986,UGUGAGGU,ACCTCACA
hsa-miR-3689a-5p_hsa-miR-3689b-5p_hsa-miR-3689e_hsa-miR-3689f,UGUGAUAU,ATATCACA
hsa-miR-19a-3p_hsa-miR-19b-3p,UGUGCAAA,TTTGCACA
hsa-miR-3944-5p,UGUGCAGC,GCTGCACA
hsa-miR-933,UGUGCGCA,TGCGCACA
hsa-miR-636,UGUGCUUG,CAAGCACA
hsa-miR-3190-3p,UGUGGAAG,CTTCCACA
hsa-miR-3138,UGUGGACA,TGTCCACA
hsa-miR-4648,UGUGGGAC,GTCCCACA
hsa-miR-4654,UGUGGGAU,ATCCCACA
hsa-miR-6748-5p,UGUGGGUG,CACCCACA
hsa-miR-6793-5p,UGUGGGUU,AACCCACA
hsa-miR-4536-5p,UGUGGUAG,CTACCACA
hsa-miR-3177-5p,UGUGUACA,TGTACACA
hsa-miR-597-5p,UGUGUCAC,GTGACACA
hsa-miR-3657,UGUGUCCC,GGGACACA
hsa-miR-4669,UGUGUCCG,CGGACACA
hsa-miR-3911,UGUGUGGA,TCCACACA
hsa-miR-6867-5p,UGUGUGUG,CACACACA
hsa-miR-3152-3p,UGUGUUAG,CTAACACA
hsa-miR-1206,UGUUCAUG,CATGAACA
hsa-miR-6853-3p,UGUUCAUU,AATGAACA
hsa-miR-4326,UGUUCCUC,GAGGAACA
hsa-miR-2117,UGUUCUCU,AGAGAACA
hsa-miR-4684-3p,UGUUGCAA,TTGCAACA
hsa-miR-4425,UGUUGGGA,TCCCAACA
hsa-miR-3613-5p,UGUUGUAC,GTACAACA
hsa-miR-6755-3p,UGUUGUCA,TGACAACA
hsa-miR-5705,UGUUUCGG,CCGAAACA
hsa-miR-8068,UGUUUGUU,AACAAACA
hsa-miR-2052,UGUUUUGA,TCAAAACA
hsa-miR-4764-3p,UUAACUCC,GGAGTTAA
hsa-miR-499a-5p,UUAAGACU,AGTCTTAA
hsa-miR-889-3p,UUAAUAUC,GATATTAA
hsa-miR-155-5p,UUAAUGCU,AGCATTAA
hsa-miR-4775,UUAAUUUU,AAAATTAA
hsa-miR-3941,UUACACAC,GTGTGTAA
hsa-miR-4672,UUACACAG,CTGTGTAA
hsa-miR-582-5p,UUACAGUU,AACTGTAA
hsa-miR-4788,UUACGGAC,GTCCGTAA
hsa-miR-5687,UUAGAACG,CGTTCTAA
hsa-miR-3684,UUAGACCU,AGGTCTAA
hsa-miR-6866-5p,UUAGAGGC,GCCTCTAA
hsa-miR-4662a-5p,UUAGCCAA,TTGGCTAA
hsa-miR-4321,UUAGCGGU,ACCGCTAA
hsa-miR-5579-3p,UUAGCUUA,TAAGCTAA
hsa-miR-5704,UUAGGCCA,TGGCCTAA
hsa-miR-1295a,UUAGGCCG,CGGCCTAA
hsa-miR-12116,UUAGGCUU,AAGCCTAA
hsa-miR-3162-5p,UUAGGGAG,CTCCCTAA
hsa-miR-1296-5p,UUAGGGCC,GGCCCTAA
hsa-miR-4540,UUAGUCCU,AGGACTAA
hsa-miR-4474-5p,UUAGUCUC,GAGACTAA
hsa-miR-3606-5p,UUAGUGAA,TTCACTAA
hsa-miR-4671-3p,UUAGUGCA,TGCACTAA
hsa-miR-340-5p,UUAUAAAG,CTTTATAA
hsa-miR-374a-5p,UUAUAAUA,TATTATAA
hsa-miR-361-5p,UUAUCAGA,TCTGATAA
hsa-miR-9903,UUAUCCUC,GAGGATAA
hsa-miR-584-5p,UUAUGGUU,AACCATAA
hsa-miR-12123,UUAUUCAU,ATGAATAA
hsa-miR-137-3p,UUAUUGCU,AGCAATAA
hsa-miR-5701,UUAUUGUC,GACAATAA
hsa-miR-7159-5p,UUCAACAA,TTGTTGAA
hsa-miR-95-3p,UUCAACGG,CCGTTGAA
hsa-miR-26a-5p_hsa-miR-26b-5p_hsa-miR-1297,UUCAAGUA,TACTTGAA
hsa-miR-513b-5p,UUCACAAG,CTTGTGAA
hsa-miR-513a-5p,UUCACAGG,CCTGTGAA
hsa-miR-27a-3p_hsa-miR-27b-3p_hsa-miR-9985,UUCACAGU,ACTGTGAA
hsa-miR-197-3p,UUCACCAC,GTGGTGAA
hsa-miR-6802-3p,UUCACCCC,GGGGTGAA
hsa-miR-653-3p,UUCACUGG,CCAGTGAA
hsa-miR-5100,UUCAGAUC,GATCTGAA
hsa-miR-4291,UUCAGCAG,CTGCTGAA
hsa-miR-3157-5p,UUCAGCCA,TGGCTGAA
hsa-miR-12128,UUCAGGGA,TCCCTGAA
hsa-miR-11399,UUCAGGUC,GACCTGAA
hsa-miR-7154-5p,UUCAUGAA,TTCATGAA
hsa-miR-1298-5p,UUCAUUCG,CGAATGAA
hsa-miR-579-3p_hsa-miR-664b-3p,UUCAUUUG,CAAATGAA
hsa-miR-6509-3p,UUCCACUG,CAGTGGAA
hsa-miR-6512-3p_hsa-miR-6720-5p,UUCCAGCC,GGCTGGAA
hsa-miR-5581-3p,UUCCAUGC,GCATGGAA
hsa-miR-7977,UUCCCAGC,GCTGGGAA
hsa-miR-6883-3p,UUCCCUAU,ATAGGGAA
hsa-miR-204-5p_hsa-miR-211-5p,UUCCCUUU,AAAGGGAA
hsa-miR-6084,UUCCGCCA,TGGCGGAA
hsa-miR-202-5p,UUCCUAUG,CATAGGAA
hsa-miR-6783-3p,UUCCUGGG,CCCAGGAA
hsa-miR-6868-3p,UUCCUUCU,AGAAGGAA
hsa-miR-6788-3p,UUCGCCAC,GTGGCGAA
hsa-miR-3124-5p,UUCGCGGG,CCCGCGAA
hsa-miR-3944-3p,UUCGGGCU,AGCCCGAA
hsa-miR-4798-5p,UUCGGUAU,ATACCGAA
hsa-miR-4777-5p,UUCUAGAU,ATCTAGAA
hsa-miR-513c-5p_hsa-miR-514b-5p,UUCUCAAG,CTTGAGAA
hsa-miR-515-5p_hsa-miR-519e-5p,UUCUCCAA,TTGGAGAA
hsa-miR-4713-5p,UUCUCCCA,TGGGAGAA
hsa-miR-516a-5p,UUCUCGAG,CTCGAGAA
hsa-miR-6873-3p,UUCUCUCU,AGAGAGAA
hsa-miR-4753-3p,UUCUCUUU,AAAGAGAA
hsa-miR-4303,UUCUGAGC,GCTCAGAA
hsa-miR-12119,UUCUGAGG,CCTCAGAA
hsa-miR-5001-3p,UUCUGCCU,AGGCAGAA
hsa-miR-6071,UUCUGCUG,CAGCAGAA
hsa-miR-1299,UUCUGGAA,TTCCAGAA
hsa-miR-4782-5p_hsa-miR-5706,UUCUGGAU,ATCCAGAA
hsa-miR-6844,UUCUUUGU,ACAAAGAA
hsa-miR-488-3p,UUGAAAGG,CCTTTCAA
hsa-miR-203b-3p,UUGAACUG,CAGTTCAA
hsa-miR-4709-3p,UUGAAGAG,CTCTTCAA
hsa-miR-6864-5p,UUGAAGGG,CCCTTCAA
hsa-miR-4452,UUGAAUUC,GAATTCAA
hsa-miR-580-3p,UUGAGAAU,ATTCTCAA
hsa-miR-3915,UUGAGGAA,TTCCTCAA
hsa-miR-4689,UUGAGGAG,CTCCTCAA
hsa-miR-6734-5p,UUGAGGGG,CCCCTCAA
hsa-miR-7703,UUGCACUC,GAGTGCAA
hsa-miR-4325,UUGCACUU,AAGTGCAA
hsa-miR-1301-3p_hsa-miR-5047,UUGCAGCU,AGCTGCAA
hsa-miR-153-3p,UUGCAUAG,CTATGCAA
hsa-miR-448,UUGCAUAU,ATATGCAA
hsa-miR-4666b,UUGCAUGU,ACATGCAA
hsa-miR-3064-3p,UUGCCACA,TGTGGCAA
hsa-miR-5006-5p,UUGCCAGG,CCTGGCAA
hsa-miR-5590-5p,UUGCCAUA,TATGGCAA
hsa-miR-4659b-5p,UUGCCAUG,CATGGCAA
hsa-miR-6894-3p,UUGCCUGC,GCAGGCAA
hsa-miR-4639-5p,UUGCUAAG,CTTAGCAA
hsa-miR-449c-3p,UUGCUAGU,ACTAGCAA
hsa-miR-1178-3p,UUGCUCAC,GTGAGCAA
hsa-miR-6772-3p,UUGCUCCU,AGGAGCAA
hsa-miR-5691_hsa-miR-6805-3p,UUGCUCUG,CAGAGCAA
hsa-miR-9718,UUGCUGAC,GTCAGCAA
hsa-miR-6079,UUGGAAGC,GCTTCCAA
hsa-miR-6505-5p,UUGGAAUA,TATTCCAA
hsa-miR-4520-3p,UUGGACAG,CTGTCCAA
hsa-miR-4804-5p,UUGGACGG,CCGTCCAA
hsa-miR-5009-5p,UUGGACUU,AAGTCCAA
hsa-miR-4443,UUGGAGGC,GCCTCCAA
hsa-miR-6515-5p,UUGGAGGG,CCCTCCAA
hsa-miR-588_hsa-miR-4701-5p,UUGGCCAC,GTGGCCAA
hsa-miR-3187-3p,UUGGCCAU,ATGGCCAA
hsa-miR-6842-3p,UUGGCUGG,CCAGCCAA
hsa-miR-1302,UUGGGACA,TGTCCCAA
hsa-miR-6780a-5p,UUGGGAGG,CCTCCCAA
hsa-miR-450b-3p,UUGGGAUC,GATCCCAA
hsa-miR-6728-5p,UUGGGAUG,CATCCCAA
hsa-miR-6773-5p,UUGGGCCC,GGGCCCAA
hsa-miR-1587,UUGGGCUG,CAGCCCAA
hsa-miR-2110,UUGGGGAA,TTCCCCAA
hsa-miR-6857-5p,UUGGGGAU,ATCCCCAA
hsa-miR-6751-5p,UUGGGGGU,ACCCCCAA
hsa-miR-6737-5p_hsa-miR-6819-5p,UUGGGGUG,CACCCCAA
hsa-miR-6855-5p,UUGGGGUU,AACCCCAA
hsa-miR-6839-3p,UUGGGUUU,AAACCCAA
hsa-miR-7855-5p,UUGGUGAG,CTCACCAA
hsa-miR-493-5p,UUGUACAU,ATGTACAA
hsa-miR-6818-3p,UUGUCUCU,AGAGACAA
hsa-miR-4288,UUGUCUGC,GCAGACAA
hsa-miR-3611,UUGUGAAG,CTTCACAA
hsa-miR-218-5p,UUGUGCUU,AAGCACAA
hsa-miR-4752,UUGUGGAU,ATCCACAA
hsa-miR-4474-3p,UUGUGGCU,AGCCACAA
hsa-miR-6796-5p,UUGUGGGG,CCCCACAA
hsa-miR-6759-5p,UUGUGGGU,ACCCACAA
hsa-miR-592,UUGUGUCA,TGACACAA
hsa-miR-6818-5p,UUGUGUGA,TCACACAA
hsa-miR-7156-5p,UUGUUCUC,GAGAACAA
hsa-miR-4677-5p,UUGUUCUU,AAGAACAA
hsa-miR-302c-5p,UUUAACAU,ATGTTAAA
hsa-miR-3658,UUUAAGAA,TTCTTAAA
hsa-miR-4503,UUUAAGCA,TGCTTAAA
hsa-miR-1303,UUUAGAGA,TCTCTAAA
hsa-miR-4760-5p,UUUAGAUU,AATCTAAA
hsa-miR-651-5p,UUUAGGAU,ATCCTAAA
hsa-miR-122b-5p,UUUAGUGU,ACACTAAA
hsa-miR-498-5p,UUUCAAGC,GCTTGAAA
hsa-miR-3942-3p,UUUCAGAU,ATCTGAAA
hsa-miR-587,UUUCCAUA,TATGGAAA
hsa-miR-4755-5p_hsa-miR-5006-3p,UUUCCCUU,AAGGGAAA
hsa-miR-1180-3p,UUUCCGGC,GCCGGAAA
hsa-miR-3685,UUUCCUAC,GTAGGAAA
hsa-miR-670-3p,UUUCCUCA,TGAGGAAA
hsa-miR-3059-5p,UUUCCUCU,AGAGGAAA
hsa-miR-7152-5p,UUUCCUGU,ACAGGAAA
hsa-miR-7159-3p,UUUCUAUG,CATAGAAA
hsa-miR-4482-3p,UUUCUAUU,AATAGAAA
hsa-miR-6833-3p,UUUCUCUC,GAGAGAAA
hsa-miR-4743-3p,UUUCUGUC,GACAGAAA
hsa-miR-4659a-3p_hsa-miR-4659b-3p,UUUCUUCU,AGAAGAAA
hsa-miR-1304-5p,UUUGAGGC,GCCTCAAA
hsa-miR-6516-5p,UUUGCAGU,ACTGCAAA
hsa-miR-4520-2-3p,UUUGGACA,TGTCCAAA
hsa-miR-12131,UUUGGAGA,TCTCCAAA
hsa-miR-182-5p,UUUGGCAA,TTGCCAAA
hsa-miR-96-5p,UUUGGCAC,GTGCCAAA
hsa-miR-3913-5p,UUUGGGAC,GTCCCAAA
hsa-miR-6513-5p,UUUGGGAU,ATCCCAAA
hsa-miR-133a-3p_hsa-miR-133b,UUUGGUCC,GGACCAAA
hsa-miR-3149,UUUGUAUG,CATACAAA
hsa-miR-758-3p,UUUGUGAC,GTCACAAA
hsa-miR-375-3p,UUUGUUCG,CGAACAAA
hsa-miR-7856-5p,UUUUAAGG,CCTTAAAA
hsa-miR-1305,UUUUCAAC,GTTGAAAA
hsa-miR-450b-5p,UUUUGCAA,TTGCAAAA
hsa-miR-507,UUUUGCAC,GTGCAAAA
hsa-miR-3680-3p,UUUUGCAU,ATGCAAAA
hsa-miR-450a-5p,UUUUGCGA,TCGCAAAA
hsa-miR-5010-3p,UUUUGUGU,ACACAAAA
hsa-miR-335-3p,UUUUUCAU,ATGAAAAA
hsa-miR-9983-3p,UUUUUUGC,GCAAAAAA